datetime,nik,applicant_name,age,gender,marital_status,occupation,job_position,job_specific,job_specific_code,education_level,home_lat,home_lon,home_coordinate,home_address,home_road_type,home_building_type,home_building_owner,home_building_location,domicile_lat,domicile_lon,domicile_coordinate,domicile_address,domicile_road_type,domicile_building_type,domicile_building_owner,domicile_building_location,now_lat,now_lon,now_coordinate,last_1_week_lat,last_1_week_lon,last_1_week_coordinate,last_2_week_lat,last_2_week_lon,last_2_week_coordinate,last_3_week_lat,last_3_week_lon,last_3_week_coordinate,last_4_week_lat,last_4_week_lon,last_4_week_coordinate,now_distance,last_1_week_distance,last_2_week_distance,last_3_week_distance,last_4_week_distance,average_distance,length_of_stay,total_population,income_rate,unemployment_rate,education_rate,crime_rate,poverty_rate,address_stability,address_suitability,credit_score,credit_score_category
2023-04-06 09:01:27.723698,1209225402610001,Amelia Wasita,62,P,Cerai Hidup,Private employee,Staff,Industri Pakaian Jadi Dan Barang Dari Kulit Berbulu,14200,S2,-1.26424,104.09701,"-1.26424, 104.09701","Kelurahan Simpang, Tanjung Jabung Timur, Jambi, Indonesia",Jalan Kecil,Rumah Susun,Pemerintah,Kawasan Wisata,-6.8048,110.8405,"-6.8048, 110.8405","Demaan, Kudus, Jawa Tengah, 59318, Indonesia",Jalan Sedang,Asrama,Pemerintah,Kawasan Komersial,-6.8048,110.8405,"-6.8048, 110.8405",-6.8048,110.8405,"-6.8048, 110.8405",-6.8048,110.8405,"-6.8048, 110.8405",3.31332,117.59152,"3.31332, 117.59152",-6.8048,110.8405,"-6.8048, 110.8405",0.0,0.0,0.0,1347074.5002893568,0.0,269414.90005787136,> 5 Tahun,Rendah,Sedang,Sedang,Sangat Tinggi,Sedang,Sangat Tinggi,Stabil,Sangat Sesuai,72.0,Very Good
2023-04-06 09:01:32.305426,9209242606770000,"Artanto Nashiruddin, M.Farm",46,L,Cerai Mati,Transportation,Staff,"Reparasi Alat Angkutan Lainnya, Bukan Kendaraan Bermotor",33159,D4,-6.48167,106.85417,"-6.48167, 106.85417","Cibinong, Bogor, Jawa Barat, 16911, Indonesia",Jalan Besar,Perumahan,Perorangan Orang Lain,Kawasan Perumahan,-8.43333,114.33333,"-8.43333, 114.33333","Kedungrejo, Banyuwangi, Jawa Timur, Indonesia",Jalan Besar,Rumah,Perusahaan,Kawasan Wisata,-8.43333,114.33333,"-8.43333, 114.33333",-1.6,103.61667,"-1.6, 103.61667",-8.43333,114.33333,"-8.43333, 114.33333",0.51667,101.44167,"0.51667, 101.44167",-7.81667,112.01667,"-7.81667, 112.01667",0.0,1407713.5844154726,0.0,1739257.3418623754,264268.1216299221,682247.809581554,> 5 Tahun,Sangat Rendah,Sedang,Sangat Tinggi,Sangat Tinggi,Sangat Rendah,Rendah,Stabil,Sangat Sesuai,82.5,Very Good
2023-04-06 09:01:34.723907,7604040902830002,"Wardaya Fujiati, M.M.",40,L,Belum Kawin,Vice President,Direktur,Produksi Es,35302,S2,-7.57897,112.23109,"-7.57897, 112.23109","Balongbesuk, Jombang, Jawa Timur, Jawa, 61471, Indonesia",Jalan Kecil,Perumahan,Perorangan Orang Lain,Kawasan Pegunungan,-7.57897,112.23109,"-7.57897, 112.23109","Balongbesuk, Jombang, Jawa Timur, Jawa, 61471, Indonesia",Jalan Kecil,Perumahan,Perorangan Orang Lain,Kawasan Pegunungan,3.3285,99.1625,"3.3285, 99.1625",-7.57897,112.23109,"-7.57897, 112.23109",3.31332,117.59152,"3.31332, 117.59152",-1.26753,116.82887,"-1.26753, 116.82887",-6.91806,106.92667,"-6.91806, 106.92667",1887299.7785089025,0.0,1343592.1732155716,864439.5619496573,590333.1319645152,937132.9291277293,> 5 Tahun,Tinggi,Sangat Tinggi,Rendah,Rendah,Sangat Tinggi,Rendah,Stabil,Tidak Sesuai,47.25,Fair
2023-04-06 09:01:38.564281,5306100510800004,Gina Yuliarti,43,L,Cerai Mati,Translator,Manager,Aktivitas Penyewaan Dan Sewa Guna Usaha Tanpa Hak Opsi Alat Rekreasi Dan Olahraga,77210,S3,-7.54972,110.71639,"-7.54972, 110.71639","Kertonatan, Sukoharjo, Jawa Tengah, 57165, Indonesia",Jalan Besar,Rumah,Perorangan Orang Lain,Kawasan Perumahan,-7.54972,110.71639,"-7.54972, 110.71639","Kertonatan, Sukoharjo, Jawa Tengah, 57165, Indonesia",Jalan Besar,Rumah,Perorangan Orang Lain,Kawasan Perumahan,-7.0981,109.3243,"-7.0981, 109.3243",-1.26753,116.82887,"-1.26753, 116.82887",-7.54972,110.71639,"-7.54972, 110.71639",-7.0981,109.3243,"-7.0981, 109.3243",-7.0981,109.3243,"-7.0981, 109.3243",161621.26630627297,970779.5608428351,0.0,161621.26630627297,161621.26630627297,291128.6719523308,3 - 4 Tahun,Sangat Rendah,Sangat Rendah,Rendah,Rendah,Rendah,Sedang,Stabil,Tidak Sesuai,42.0,Fair
2023-04-06 09:01:42.354971,7308170803860003,Maya Yuniar,37,L,Belum Kawin,Mason,Staff,Industri Pengolahan Gula Lainnya Bukan Sirop,10729,SMA/SMK,-6.48167,106.85417,"-6.48167, 106.85417","Cibinong, Bogor, Jawa Barat, 16911, Indonesia",Jalan Kecil,Rumah,Pemerintah,Kawasan Komersial,-6.48167,106.85417,"-6.48167, 106.85417","Cibinong, Bogor, Jawa Barat, 16911, Indonesia",Jalan Kecil,Rumah,Pemerintah,Kawasan Komersial,-7.0981,109.3243,"-7.0981, 109.3243",-6.48167,106.85417,"-6.48167, 106.85417",-7.0981,109.3243,"-7.0981, 109.3243",-7.0981,109.3243,"-7.0981, 109.3243",-6.48167,106.85417,"-6.48167, 106.85417",281437.2790150232,0.0,281437.2790150232,281437.2790150232,0.0,168862.3674090139,> 5 Tahun,Sangat Rendah,Rendah,Sedang,Sangat Tinggi,Sangat Rendah,Sedang,Stabil,Tidak Sesuai,50.75,Good
2023-04-06 09:01:44.040441,3311070311670006,Gina Tampubolon,56,L,Belum Kawin,Dentist,Manager,Aktivitas Organisasi Ilmu Pengetahuan Sosial Dan Masyarakat,94121,S1,-7.81667,112.01667,"-7.81667, 112.01667","Kota, Kediri, Jawa Timur, Jawa, 64123, Indonesia",Jalan Sedang,Rumah,Pemerintah,Kawasan Perumahan,3.31332,117.59152,"3.31332, 117.59152","Karang Balik, Tarakan, Kalimantan Utara, 77112, Indonesia",Jalan Sedang,Asrama,Perorangan Orang Lain,Kawasan Industri,3.31332,117.59152,"3.31332, 117.59152",-7.51611,109.05389,"-7.51611, 109.05389",3.31332,117.59152,"3.31332, 117.59152",3.31332,117.59152,"3.31332, 117.59152",-3.5403,118.9707,"-3.5403, 118.9707",0.0,1527548.693131475,0.0,0.0,773220.2719903385,460153.7930243627,3 - 4 Tahun,Tinggi,Sedang,Rendah,Rendah,Sangat Rendah,Rendah,Stabil,Sangat Sesuai,77.25,Very Good
2023-04-06 09:01:46.492149,3511134607730003,Raina Nababan,50,P,Kawin,Mayor,Manager,Industri Karung Bukan Goni,13926,S1,-6.8048,110.8405,"-6.8048, 110.8405","Demaan, Kudus, Jawa Tengah, 59318, Indonesia",Jalan Kecil,Perumahan,Lainnya,Kawasan Wisata,0.51667,101.44167,"0.51667, 101.44167","Jalan Durian, RT. 01, Kelurahan Jadirejo, Kabupaten Kampar, Riau, 28121, Indonesia",Jalan Kecil,Apartemen,Perorangan Orang Lain,Kawasan Komersial,-7.51611,109.05389,"-7.51611, 109.05389",-8.43333,114.33333,"-8.43333, 114.33333",-7.81667,112.01667,"-7.81667, 112.01667",-7.57897,112.23109,"-7.57897, 112.23109",-6.8048,110.8405,"-6.8048, 110.8405",1226068.8431941567,1739257.3418623754,1492293.1680954397,1495371.1564636522,1321125.9380572394,1454823.2895345725,> 5 Tahun,Rendah,Sangat Rendah,Sangat Tinggi,Rendah,Tinggi,Sedang,Tidak stabil,Tidak Sesuai,31.499999999999996,Fair
2023-04-06 09:01:48.982701,7305016306590004,"Nardi Fujiati, S.IP",64,P,Cerai Hidup,Sailor,Manager,Aktivitas Pangkas Rambut,96111,SMA/SMK,-6.48167,106.85417,"-6.48167, 106.85417","Cibinong, Bogor, Jawa Barat, 16911, Indonesia",Jalan Kecil,Rumah Susun,Perorangan Pribadi,Kawasan Pertanian,-6.48167,106.85417,"-6.48167, 106.85417","Cibinong, Bogor, Jawa Barat, 16911, Indonesia",Jalan Kecil,Rumah Susun,Perorangan Pribadi,Kawasan Pertanian,-6.48167,106.85417,"-6.48167, 106.85417",-6.48167,106.85417,"-6.48167, 106.85417",-6.48167,106.85417,"-6.48167, 106.85417",-6.48167,106.85417,"-6.48167, 106.85417",-6.48167,106.85417,"-6.48167, 106.85417",0.0,0.0,0.0,0.0,0.0,0.0,> 5 Tahun,Rendah,Sangat Rendah,Tinggi,Sangat Tinggi,Tinggi,Rendah,Stabil,Sangat Sesuai,79.0,Very Good
2023-04-06 09:01:51.723660,5301275904570004,R. Perkasa Iswahyudi,66,P,Cerai Hidup,Pastor,Manager,"Perdagangan Eceran Kaki Lima Dan Los Pasar Bahan Bakar Minyak, Gas, Minyak Pelumas Dan Bahan Bakar Lainnya",47892,D3,3.7278,98.6738,"3.7278, 98.6738","Labuhan Deli, Medan Marelan, Kota Medan, Sumatera Utara, 20253, Indonesia",Jalan Besar,Apartemen,Lainnya,Kawasan Komersial,3.7278,98.6738,"3.7278, 98.6738","Labuhan Deli, Medan Marelan, Kota Medan, Sumatera Utara, 20253, Indonesia",Jalan Besar,Apartemen,Lainnya,Kawasan Komersial,3.7278,98.6738,"3.7278, 98.6738",-7.0981,109.3243,"-7.0981, 109.3243",3.7278,98.6738,"3.7278, 98.6738",3.7278,98.6738,"3.7278, 98.6738",-7.01833,107.60389,"-7.01833, 107.60389",0.0,1683260.757314455,0.0,0.0,1548082.2059665278,646268.5926561966,> 5 Tahun,Sedang,Sangat Tinggi,Tinggi,Rendah,Sangat Tinggi,Sangat Tinggi,Tidak stabil,Sangat Sesuai,65.0,Good
2023-04-06 09:01:56.660002,7411100704540000,Karsana Permata,69,L,Cerai Mati,Psychiatrist/Psychologist,Staff,Peninggalan Sejarah Yang Dikelola Swasta,91024,D4,-7.81667,112.01667,"-7.81667, 112.01667","Kota, Kediri, Jawa Timur, Jawa, 64123, Indonesia",Jalan Besar,Apartemen,Perorangan Pribadi,Kawasan Perumahan,-7.81667,112.01667,"-7.81667, 112.01667","Kota, Kediri, Jawa Timur, Jawa, 64123, Indonesia",Jalan Besar,Apartemen,Perorangan Pribadi,Kawasan Perumahan,-7.81667,112.01667,"-7.81667, 112.01667",-7.81667,112.01667,"-7.81667, 112.01667",-1.26753,116.82887,"-1.26753, 116.82887",-7.81667,112.01667,"-7.81667, 112.01667",-7.81667,112.01667,"-7.81667, 112.01667",0.0,0.0,899642.5518444157,0.0,0.0,179928.51036888314,< 1 Tahun,Sangat Tinggi,Tinggi,Sedang,Sangat Tinggi,Tinggi,Sangat Tinggi,Tidak stabil,Sangat Sesuai,59.75,Good
2023-04-06 09:02:01.570077,7415060902960001,Jasmin Nuraini,27,L,Kawin,Vice Mayor,Staff,Penangkapan/pengambilan Tumbuhan Air Di Perairan Umum,3124,D4,-7.0981,109.3243,"-7.0981, 109.3243","SMA ALFALAH, Jembatan Comal, Sikasur, Pemalang, Jawa Tengah, Indonesia",Jalan Kecil,Rumah,Perorangan Pribadi,Kawasan Perumahan,-7.0981,109.3243,"-7.0981, 109.3243","SMA ALFALAH, Jembatan Comal, Sikasur, Pemalang, Jawa Tengah, Indonesia",Jalan Kecil,Rumah,Perorangan Pribadi,Kawasan Perumahan,-7.0981,109.3243,"-7.0981, 109.3243",-7.0981,109.3243,"-7.0981, 109.3243",-1.26753,116.82887,"-1.26753, 116.82887",-7.01833,107.60389,"-7.01833, 107.60389",-7.0981,109.3243,"-7.0981, 109.3243",0.0,0.0,1053236.3006013152,190277.9238384314,0.0,248702.84488794935,3 - 4 Tahun,Tinggi,Sangat Rendah,Tinggi,Sangat Rendah,Rendah,Rendah,Tidak stabil,Sangat Sesuai,63.25,Good
2023-04-06 09:02:03.381695,8103081412860008,"R. Bakda Winarsih, M.Farm",37,L,Belum Kawin,Carpenter,Supervisor,Industri Pengolahan Dan Pengawetan Lainnya Untuk Ikan,10219,D3,-7.57897,112.23109,"-7.57897, 112.23109","Balongbesuk, Jombang, Jawa Timur, Jawa, 61471, Indonesia",Jalan Sedang,Apartemen,Perorangan Pribadi,Kawasan Pertanian,-7.57897,112.23109,"-7.57897, 112.23109","Balongbesuk, Jombang, Jawa Timur, Jawa, 61471, Indonesia",Jalan Sedang,Apartemen,Perorangan Pribadi,Kawasan Pertanian,-7.57897,112.23109,"-7.57897, 112.23109",-7.57897,112.23109,"-7.57897, 112.23109",-1.6,103.61667,"-1.6, 103.61667",-7.57897,112.23109,"-7.57897, 112.23109",-7.57897,112.23109,"-7.57897, 112.23109",0.0,0.0,1161909.9509425247,0.0,0.0,232381.99018850495,3 - 4 Tahun,Sangat Tinggi,Rendah,Rendah,Sedang,Sangat Rendah,Sangat Tinggi,Stabil,Sangat Sesuai,68.5,Good
2023-04-06 09:02:08.126741,9116014509790002,"Ir. Wulan Purwanti, S.IP",44,P,Belum Kawin,Vice Regent/Vice Mayor,Direktur,Industri Barang Anyaman Dari Tanaman Bukan Rotan Dan Bambu,16292,S1,3.7278,98.6738,"3.7278, 98.6738","Labuhan Deli, Medan Marelan, Kota Medan, Sumatera Utara, 20253, Indonesia",Jalan Kecil,Rumah Susun,Lainnya,Kawasan Perumahan,-8.43333,114.33333,"-8.43333, 114.33333","Kedungrejo, Banyuwangi, Jawa Timur, Indonesia",Jalan Kecil,Rumah Susun,Perorangan Orang Lain,Kawasan Wisata,-7.81667,112.01667,"-7.81667, 112.01667",-8.43333,114.33333,"-8.43333, 114.33333",-7.01833,107.60389,"-7.01833, 107.60389",-7.81667,112.01667,"-7.81667, 112.01667",-7.81667,112.01667,"-7.81667, 112.01667",264268.1216299221,0.0,758650.8322835865,264268.1216299221,264268.1216299221,310291.0394346706,3 - 4 Tahun,Tinggi,Rendah,Sedang,Sangat Rendah,Sangat Tinggi,Sedang,Tidak stabil,Tidak Sesuai,29.749999999999996,Poor
2023-04-06 09:02:12.568232,1501021205790009,Kawaca Mandala,44,L,Cerai Mati,Fashion stylist,Direktur,Industri Krimer Nabati,10795,D3,-6.48167,106.85417,"-6.48167, 106.85417","Cibinong, Bogor, Jawa Barat, 16911, Indonesia",Jalan Kecil,Rumah,Pemerintah,Kawasan Perumahan,-7.81667,112.01667,"-7.81667, 112.01667","Kota, Kediri, Jawa Timur, Jawa, 64123, Indonesia",Jalan Kecil,Asrama,Lainnya,Kawasan Industri,-8.43333,114.33333,"-8.43333, 114.33333",-7.81667,112.01667,"-7.81667, 112.01667",-7.81667,112.01667,"-7.81667, 112.01667",-7.81667,112.01667,"-7.81667, 112.01667",-8.43333,114.33333,"-8.43333, 114.33333",264268.1216299221,0.0,0.0,0.0,264268.1216299221,105707.24865196885,< 1 Tahun,Sangat Rendah,Sangat Tinggi,Rendah,Sedang,Sedang,Tinggi,Stabil,Tidak Sesuai,42.0,Fair
2023-04-06 09:02:19.174492,3207320603840000,Safina Yolanda,39,L,Cerai Mati,Member of the Cabinet/Ministry,Manager,Angkutan Udara Berjadwal Luar Negeri Untuk Barang,51203,SMA/SMK,-7.0981,109.3243,"-7.0981, 109.3243","SMA ALFALAH, Jembatan Comal, Sikasur, Pemalang, Jawa Tengah, Indonesia",Jalan Besar,Perumahan,Perorangan Pribadi,Kawasan Industri,-7.0981,109.3243,"-7.0981, 109.3243","SMA ALFALAH, Jembatan Comal, Sikasur, Pemalang, Jawa Tengah, Indonesia",Jalan Besar,Perumahan,Perorangan Pribadi,Kawasan Industri,-7.0981,109.3243,"-7.0981, 109.3243",-3.5403,118.9707,"-3.5403, 118.9707",-7.0981,109.3243,"-7.0981, 109.3243",-7.0981,109.3243,"-7.0981, 109.3243",-7.0981,109.3243,"-7.0981, 109.3243",0.0,1139151.3673714548,0.0,0.0,0.0,227830.27347429097,< 1 Tahun,Sangat Tinggi,Sangat Tinggi,Sedang,Tinggi,Tinggi,Rendah,Tidak stabil,Sangat Sesuai,65.0,Good
2023-04-06 09:02:24.141170,5304134805560009,Paramita Pratama,67,P,Belum Kawin,Islamic preacher,Staff,Pemungutan Rotan,2302,D3,3.3285,99.1625,"3.3285, 99.1625","Rumah Sakit Umum Herna, Jalan Veteran, Tebing Tinggi, Kota Tebing Tinggi, Sumatera Utara, 20600, Indonesia",Jalan Besar,Perumahan,Lainnya,Kawasan Pertanian,-8.43333,114.33333,"-8.43333, 114.33333","Kedungrejo, Banyuwangi, Jawa Timur, Indonesia",Jalan Besar,Perumahan,Pemerintah,Kawasan Komersial,-8.43333,114.33333,"-8.43333, 114.33333",-8.43333,114.33333,"-8.43333, 114.33333",-8.43333,114.33333,"-8.43333, 114.33333",-8.43333,114.33333,"-8.43333, 114.33333",-7.81667,112.01667,"-7.81667, 112.01667",0.0,0.0,0.0,0.0,264268.1216299221,52853.62432598443,1 - 2 Tahun,Sedang,Sangat Rendah,Sedang,Sangat Tinggi,Sangat Tinggi,Rendah,Tidak stabil,Sangat Sesuai,65.0,Good
2023-04-06 09:02:43.569708,7408130106540001,Aisyah Usamah,69,L,Cerai Mati,Dentist,Direktur,Industri Pipa Plastik Dan Perlengkapannya,22230,D3,3.7278,98.6738,"3.7278, 98.6738","Labuhan Deli, Medan Marelan, Kota Medan, Sumatera Utara, 20253, Indonesia",Jalan Sedang,Apartemen,Lainnya,Kawasan Wisata,3.7278,98.6738,"3.7278, 98.6738","Labuhan Deli, Medan Marelan, Kota Medan, Sumatera Utara, 20253, Indonesia",Jalan Sedang,Apartemen,Lainnya,Kawasan Wisata,3.7278,98.6738,"3.7278, 98.6738",-7.0981,109.3243,"-7.0981, 109.3243",3.7278,98.6738,"3.7278, 98.6738",3.7278,98.6738,"3.7278, 98.6738",3.7278,98.6738,"3.7278, 98.6738",0.0,1683260.757314455,0.0,0.0,0.0,336652.151462891,> 5 Tahun,Sedang,Rendah,Sangat Tinggi,Sangat Tinggi,Sangat Rendah,Tinggi,Stabil,Sangat Sesuai,70.25,Very Good
2023-04-06 09:02:47.335862,9123044102730008,Danang Simbolon,50,P,Belum Kawin,Pharmacist,Supervisor,Industri Pakaian Jadi Rajutan,14301,S1,3.31332,117.59152,"3.31332, 117.59152","Karang Balik, Tarakan, Kalimantan Utara, 77112, Indonesia",Jalan Kecil,Rumah Susun,Perorangan Pribadi,Kawasan Komersial,3.31332,117.59152,"3.31332, 117.59152","Karang Balik, Tarakan, Kalimantan Utara, 77112, Indonesia",Jalan Kecil,Rumah Susun,Perorangan Pribadi,Kawasan Komersial,-7.54972,110.71639,"-7.54972, 110.71639",-6.48167,106.85417,"-6.48167, 106.85417",-7.81667,112.01667,"-7.81667, 112.01667",-7.54972,110.71639,"-7.54972, 110.71639",3.31332,117.59152,"3.31332, 117.59152",1423424.0687853612,1611600.6120589597,1377706.0434526796,1423424.0687853612,0.0,1167230.9586164723,3 - 4 Tahun,Sedang,Sedang,Sangat Tinggi,Sedang,Sedang,Rendah,Stabil,Tidak Sesuai,36.75,Fair
2023-04-06 09:02:48.949947,3175020611580002,Agnes Prasetyo,65,L,Kawin,Carpenter,Manager,"Perdagangan Eceran Bukan Di Toko, Kios, Kaki Lima Dan Los Pasar Lainnya Ytdl",47999,SMA/SMK,-7.54972,110.71639,"-7.54972, 110.71639","Kertonatan, Sukoharjo, Jawa Tengah, 57165, Indonesia",Jalan Besar,Apartemen,Lainnya,Kawasan Pegunungan,3.31332,117.59152,"3.31332, 117.59152","Karang Balik, Tarakan, Kalimantan Utara, 77112, Indonesia",Jalan Besar,Perumahan,Lainnya,Kawasan Komersial,3.31332,117.59152,"3.31332, 117.59152",3.31332,117.59152,"3.31332, 117.59152",-7.0981,109.3243,"-7.0981, 109.3243",3.31332,117.59152,"3.31332, 117.59152",3.31332,117.59152,"3.31332, 117.59152",0.0,0.0,1472806.9477217542,0.0,0.0,294561.38954435085,< 1 Tahun,Sangat Tinggi,Tinggi,Sangat Tinggi,Tinggi,Sangat Rendah,Sedang,Stabil,Sangat Sesuai,68.5,Good
2023-04-06 09:02:55.316070,6105065211760001,Cakrawangsa Jailani,47,P,Kawin,Sailor,Manager,Industri Pengolahan Dan Pengawetan Lainnya Untuk Biota Air Lainnya,10299,D4,-7.51611,109.05389,"-7.51611, 109.05389","Wangon, Banyumas, Jawa Tengah, Indonesia",Jalan Kecil,Rumah Susun,Pemerintah,Kawasan Komersial,-7.51611,109.05389,"-7.51611, 109.05389","Wangon, Banyumas, Jawa Tengah, Indonesia",Jalan Kecil,Rumah Susun,Pemerintah,Kawasan Komersial,-8.43333,114.33333,"-8.43333, 114.33333",-7.51611,109.05389,"-7.51611, 109.05389",-8.43333,114.33333,"-8.43333, 114.33333",-8.43333,114.33333,"-8.43333, 114.33333",-7.51611,109.05389,"-7.51611, 109.05389",590821.6073905657,0.0,590821.6073905657,590821.6073905657,0.0,354492.9644343394,3 - 4 Tahun,Sangat Rendah,Sedang,Rendah,Sangat Rendah,Sangat Rendah,Sedang,Stabil,Tidak Sesuai,45.5,Fair
2023-04-06 09:02:57.330675,7402311805580004,Opan Wahyuni,65,L,Kawin,Driver,Manager,Perburuan Dan Penangkapan Insekta,1715,S2,-7.51611,109.05389,"-7.51611, 109.05389","Wangon, Banyumas, Jawa Tengah, Indonesia",Jalan Besar,Rumah Susun,Perorangan Orang Lain,Kawasan Industri,-7.51611,109.05389,"-7.51611, 109.05389","Wangon, Banyumas, Jawa Tengah, Indonesia",Jalan Besar,Rumah Susun,Perorangan Orang Lain,Kawasan Industri,-1.26424,104.09701,"-1.26424, 104.09701",-7.51611,109.05389,"-7.51611, 109.05389",-1.6,103.61667,"-1.6, 103.61667",-7.51611,109.05389,"-7.51611, 109.05389",-7.51611,109.05389,"-7.51611, 109.05389",883379.2878108204,0.0,889787.6706385394,0.0,0.0,354633.39168987196,> 5 Tahun,Sangat Rendah,Sedang,Rendah,Sedang,Sedang,Rendah,Stabil,Tidak Sesuai,50.75,Good
2023-04-06 09:03:03.047247,1810094604670007,Eka Palastri,56,P,Belum Kawin,Traditional healer,Manager,Industri Tepung Terigu,10616,S3,-7.51611,109.05389,"-7.51611, 109.05389","Wangon, Banyumas, Jawa Tengah, Indonesia",Jalan Sedang,Perumahan,Perorangan Pribadi,Kawasan Industri,-1.26424,104.09701,"-1.26424, 104.09701","Kelurahan Simpang, Tanjung Jabung Timur, Jambi, Indonesia",Jalan Kecil,Rumah Susun,Perorangan Orang Lain,Kawasan Wisata,-1.26424,104.09701,"-1.26424, 104.09701",-1.26424,104.09701,"-1.26424, 104.09701",-7.54972,110.71639,"-7.54972, 110.71639",-7.0981,109.3243,"-7.0981, 109.3243",-1.26424,104.09701,"-1.26424, 104.09701",0.0,0.0,1011110.6658560244,867580.980802162,0.0,375738.32933163724,1 - 2 Tahun,Tinggi,Tinggi,Tinggi,Tinggi,Sangat Tinggi,Sangat Tinggi,Tidak stabil,Sangat Sesuai,61.5,Good
2023-04-06 09:03:08.689260,7603092803620008,"Dr. Bagas Yolanda, S.E.",61,L,Cerai Mati,Entrepreneur,Manager,Industri Komponen Dan Suku Cadang Mesin Dan Turbin,28113,D4,-7.51611,109.05389,"-7.51611, 109.05389","Wangon, Banyumas, Jawa Tengah, Indonesia",Jalan Besar,Rumah Susun,Pemerintah,Kawasan Pertanian,-7.51611,109.05389,"-7.51611, 109.05389","Wangon, Banyumas, Jawa Tengah, Indonesia",Jalan Besar,Rumah Susun,Pemerintah,Kawasan Pertanian,-3.5403,118.9707,"-3.5403, 118.9707",-7.51611,109.05389,"-7.51611, 109.05389",3.31332,117.59152,"3.31332, 117.59152",-3.5403,118.9707,"-3.5403, 118.9707",-3.5403,118.9707,"-3.5403, 118.9707",1183308.0044345073,0.0,1527548.693131475,1183308.0044345073,1183308.0044345073,1015494.5412869994,< 1 Tahun,Tinggi,Tinggi,Tinggi,Tinggi,Tinggi,Rendah,Stabil,Tidak Sesuai,38.5,Fair
2023-04-06 09:03:14.564381,3212122508540001,"Oliva Jailani, S.I.Kom",69,L,Cerai Mati,Trade/business,Manager,Perdagangan Besar Alat Musik,46496,S2,-7.01833,107.60389,"-7.01833, 107.60389","Rancamulya, Bandung, Jawa Barat, 40288, Indonesia",Jalan Besar,Rumah Susun,Perorangan Pribadi,Kawasan Perumahan,-7.01833,107.60389,"-7.01833, 107.60389","Rancamulya, Bandung, Jawa Barat, 40288, Indonesia",Jalan Besar,Rumah Susun,Perorangan Pribadi,Kawasan Perumahan,-7.01833,107.60389,"-7.01833, 107.60389",-7.01833,107.60389,"-7.01833, 107.60389",-7.01833,107.60389,"-7.01833, 107.60389",-7.01833,107.60389,"-7.01833, 107.60389",-7.01833,107.60389,"-7.01833, 107.60389",0.0,0.0,0.0,0.0,0.0,0.0,3 - 4 Tahun,Tinggi,Tinggi,Sedang,Tinggi,Rendah,Sangat Tinggi,Stabil,Sangat Sesuai,75.5,Very Good
2023-04-06 09:03:18.222800,9106205705770005,Daryani Purwanti,46,P,Cerai Mati,Farmer/gardener,Staff,Industri Pemisahan/fraksinasi Minyak Murni Kelapa Sawit,10435,D4,-7.81667,112.01667,"-7.81667, 112.01667","Kota, Kediri, Jawa Timur, Jawa, 64123, Indonesia",Jalan Sedang,Perumahan,Perorangan Orang Lain,Kawasan Komersial,-7.81667,112.01667,"-7.81667, 112.01667","Kota, Kediri, Jawa Timur, Jawa, 64123, Indonesia",Jalan Sedang,Perumahan,Perorangan Orang Lain,Kawasan Komersial,-7.81667,112.01667,"-7.81667, 112.01667",-7.81667,112.01667,"-7.81667, 112.01667",-7.81667,112.01667,"-7.81667, 112.01667",-7.81667,112.01667,"-7.81667, 112.01667",-7.81667,112.01667,"-7.81667, 112.01667",0.0,0.0,0.0,0.0,0.0,0.0,3 - 4 Tahun,Sedang,Sangat Tinggi,Sangat Tinggi,Sedang,Rendah,Rendah,Stabil,Sangat Sesuai,80.75,Very Good
2023-04-06 09:03:23.911171,1109040707970004,Aisyah Suwarno,26,L,Belum Kawin,Shoe repairman,Supervisor,Pemasangan Bangunan Prafabrikasi Untuk Gedung,41020,S1,-7.51611,109.05389,"-7.51611, 109.05389","Wangon, Banyumas, Jawa Tengah, Indonesia",Jalan Kecil,Apartemen,Lainnya,Kawasan Pegunungan,-6.8048,110.8405,"-6.8048, 110.8405","Demaan, Kudus, Jawa Tengah, 59318, Indonesia",Jalan Besar,Perumahan,Perorangan Orang Lain,Kawasan Komersial,-1.6,103.61667,"-1.6, 103.61667",-1.6,103.61667,"-1.6, 103.61667",-1.6,103.61667,"-1.6, 103.61667",-6.8048,110.8405,"-6.8048, 110.8405",-6.8048,110.8405,"-6.8048, 110.8405",986925.2460978418,986925.2460978418,986925.2460978418,0.0,0.0,592155.147658705,< 1 Tahun,Sangat Tinggi,Rendah,Tinggi,Sangat Tinggi,Sangat Tinggi,Sedang,Tidak stabil,Tidak Sesuai,29.749999999999996,Poor
2023-04-06 09:03:29.185494,1608181103530009,Aswani Pertiwi,70,L,Cerai Hidup,Vice Regent/Vice Mayor,Direktur,"Industri Barang Dari Batu Untuk Keperluan Rumah Tangga, Pajangan, Dan Bahan Bangunan",23963,SMA/SMK,-3.5403,118.9707,"-3.5403, 118.9707","Labuang, Majene, Sulawesi Barat, 91412, Indonesia",Jalan Kecil,Rumah,Lainnya,Kawasan Wisata,-7.81667,112.01667,"-7.81667, 112.01667","Kota, Kediri, Jawa Timur, Jawa, 64123, Indonesia",Jalan Sedang,Apartemen,Lainnya,Kawasan Pertanian,-7.81667,112.01667,"-7.81667, 112.01667",-7.81667,112.01667,"-7.81667, 112.01667",0.51667,101.44167,"0.51667, 101.44167",-3.5403,118.9707,"-3.5403, 118.9707",-7.81667,112.01667,"-7.81667, 112.01667",0.0,0.0,1492293.1680954397,903760.1752703974,0.0,479210.66867316735,3 - 4 Tahun,Tinggi,Sangat Rendah,Sangat Tinggi,Tinggi,Tinggi,Sangat Tinggi,Tidak stabil,Sangat Sesuai,56.25,Good
2023-04-06 09:03:32.667834,5206172802700000,Anastasia Permadi,53,L,Kawin,Student,Staff,Industri Bantal Dan Sejenisnya,13923,SMA/SMK,3.31332,117.59152,"3.31332, 117.59152","Karang Balik, Tarakan, Kalimantan Utara, 77112, Indonesia",Jalan Kecil,Rumah Susun,Pemerintah,Kawasan Pertanian,-6.8048,110.8405,"-6.8048, 110.8405","Demaan, Kudus, Jawa Tengah, 59318, Indonesia",Jalan Sedang,Perumahan,Perorangan Pribadi,Kawasan Pertanian,-6.8048,110.8405,"-6.8048, 110.8405",-6.8048,110.8405,"-6.8048, 110.8405",-6.8048,110.8405,"-6.8048, 110.8405",-6.8048,110.8405,"-6.8048, 110.8405",-6.8048,110.8405,"-6.8048, 110.8405",0.0,0.0,0.0,0.0,0.0,0.0,1 - 2 Tahun,Sangat Rendah,Tinggi,Tinggi,Rendah,Sedang,Sangat Tinggi,Stabil,Sangat Sesuai,68.5,Good
2023-04-06 09:03:39.051761,3218065604910006,"Gading Nugroho, S.Gz",32,P,Cerai Hidup,Trade/business,Staff,Daur Ulang Barang Bukan Logam,38302,S3,-1.6,103.61667,"-1.6, 103.61667","Jalan Haji Abdulrahman Saleh, Sungai Asam, Jambi, Danau Sipin, Jambi, 36134, Indonesia",Jalan Kecil,Apartemen,Perorangan Pribadi,Kawasan Industri,-1.26424,104.09701,"-1.26424, 104.09701","Kelurahan Simpang, Tanjung Jabung Timur, Jambi, Indonesia",Jalan Sedang,Apartemen,Lainnya,Kawasan Pertanian,-1.26424,104.09701,"-1.26424, 104.09701",-7.81667,112.01667,"-7.81667, 112.01667",-1.26424,104.09701,"-1.26424, 104.09701",-1.26424,104.09701,"-1.26424, 104.09701",-1.26424,104.09701,"-1.26424, 104.09701",0.0,1138667.291327851,0.0,0.0,0.0,227733.45826557017,< 1 Tahun,Sangat Rendah,Sangat Tinggi,Tinggi,Rendah,Tinggi,Tinggi,Tidak stabil,Sangat Sesuai,61.5,Good
2023-04-06 09:03:45.952371,1409094507800007,Pia Napitupulu,43,P,Kawin,Village head,Manager,Perdagangan Eceran Perlengkapan Jahit Menjahit,47513,S1,-7.01833,107.60389,"-7.01833, 107.60389","Rancamulya, Bandung, Jawa Barat, 40288, Indonesia",Jalan Besar,Rumah,Perorangan Pribadi,Kawasan Komersial,-1.26424,104.09701,"-1.26424, 104.09701","Kelurahan Simpang, Tanjung Jabung Timur, Jambi, Indonesia",Jalan Kecil,Perumahan,Pemerintah,Kawasan Wisata,-1.26424,104.09701,"-1.26424, 104.09701",-1.26424,104.09701,"-1.26424, 104.09701",-1.26424,104.09701,"-1.26424, 104.09701",-1.26424,104.09701,"-1.26424, 104.09701",-1.26424,104.09701,"-1.26424, 104.09701",0.0,0.0,0.0,0.0,0.0,0.0,3 - 4 Tahun,Sangat Rendah,Rendah,Rendah,Sangat Rendah,Rendah,Sangat Tinggi,Stabil,Sangat Sesuai,72.0,Very Good
2023-04-06 09:03:49.168615,1808095703750008,Gabriella Narpati,48,P,Kawin,Islamic preacher,Supervisor,Aktivitas Kebandarudaraan,52230,S3,-7.81667,112.01667,"-7.81667, 112.01667","Kota, Kediri, Jawa Timur, Jawa, 64123, Indonesia",Jalan Besar,Perumahan,Perorangan Pribadi,Kawasan Pertanian,-7.57897,112.23109,"-7.57897, 112.23109","Balongbesuk, Jombang, Jawa Timur, Jawa, 61471, Indonesia",Jalan Sedang,Apartemen,Perusahaan,Kawasan Wisata,-7.51611,109.05389,"-7.51611, 109.05389",-7.57897,112.23109,"-7.57897, 112.23109",-7.51611,109.05389,"-7.51611, 109.05389",-7.51611,109.05389,"-7.51611, 109.05389",-7.51611,109.05389,"-7.51611, 109.05389",350708.4069469863,0.0,350708.4069469863,350708.4069469863,350708.4069469863,280566.72555758903,3 - 4 Tahun,Sedang,Sangat Rendah,Sedang,Tinggi,Sangat Tinggi,Sedang,Tidak stabil,Tidak Sesuai,33.25,Fair
2023-04-06 09:03:54.506537,3519026208930002,Embuh Prasasta,30,P,Cerai Hidup,Livestock farmer,Direktur,Budidaya Karang (coral),3214,D4,-7.54972,110.71639,"-7.54972, 110.71639","Kertonatan, Sukoharjo, Jawa Tengah, 57165, Indonesia",Jalan Sedang,Perumahan,Perorangan Orang Lain,Kawasan Perumahan,3.3285,99.1625,"3.3285, 99.1625","Rumah Sakit Umum Herna, Jalan Veteran, Tebing Tinggi, Kota Tebing Tinggi, Sumatera Utara, 20600, Indonesia",Jalan Kecil,Rumah,Perorangan Orang Lain,Kawasan Pegunungan,-1.26753,116.82887,"-1.26753, 116.82887",-7.57897,112.23109,"-7.57897, 112.23109",-1.26753,116.82887,"-1.26753, 116.82887",0.51667,101.44167,"0.51667, 101.44167",3.3285,99.1625,"3.3285, 99.1625",2030398.2531499364,1887299.7785089025,2030398.2531499364,401196.16503637866,0.0,1269858.4899690307,3 - 4 Tahun,Rendah,Sangat Tinggi,Sedang,Sangat Tinggi,Tinggi,Sangat Tinggi,Stabil,Tidak Sesuai,36.75,Fair
2023-04-06 09:03:57.830144,7105176012750002,Kemba Andriani,48,P,Kawin,Accountant,Supervisor,Industri Kembang Gula Lainnya,10739,D3,-7.81667,112.01667,"-7.81667, 112.01667","Kota, Kediri, Jawa Timur, Jawa, 64123, Indonesia",Jalan Besar,Rumah Susun,Pemerintah,Kawasan Pegunungan,0.51667,101.44167,"0.51667, 101.44167","Jalan Durian, RT. 01, Kelurahan Jadirejo, Kabupaten Kampar, Riau, 28121, Indonesia",Jalan Kecil,Rumah,Perorangan Orang Lain,Kawasan Wisata,0.51667,101.44167,"0.51667, 101.44167",0.51667,101.44167,"0.51667, 101.44167",0.51667,101.44167,"0.51667, 101.44167",0.51667,101.44167,"0.51667, 101.44167",0.51667,101.44167,"0.51667, 101.44167",0.0,0.0,0.0,0.0,0.0,0.0,3 - 4 Tahun,Sangat Tinggi,Sangat Tinggi,Sangat Tinggi,Rendah,Sedang,Rendah,Stabil,Sangat Sesuai,75.5,Very Good
2023-04-06 09:04:01.049859,1802214703710004,Martana Sihombing,52,P,Belum Kawin,Mason,Staff,Perdagangan Besar Piranti Lunak,46512,S3,-7.73379,113.69785,"-7.73379, 113.69785","Besuki, Situbondo, Jawa Timur, Indonesia",Jalan Besar,Apartemen,Perorangan Pribadi,Kawasan Industri,-7.73379,113.69785,"-7.73379, 113.69785","Besuki, Situbondo, Jawa Timur, Indonesia",Jalan Besar,Apartemen,Perorangan Pribadi,Kawasan Industri,-7.73379,113.69785,"-7.73379, 113.69785",3.7278,98.6738,"3.7278, 98.6738",-7.73379,113.69785,"-7.73379, 113.69785",-7.51611,109.05389,"-7.51611, 109.05389",-6.48167,106.85417,"-6.48167, 106.85417",0.0,2095417.5715499974,0.0,512984.8042214701,768573.9342280884,675395.2619999112,> 5 Tahun,Sedang,Sangat Rendah,Rendah,Sangat Rendah,Sangat Rendah,Sangat Tinggi,Stabil,Sangat Sesuai,68.5,Good
2023-04-06 09:04:06.686416,9104102809580004,"Mursinin Uwais, S.E.I",65,L,Cerai Hidup,President,Supervisor,Aktivitas Seni Pertunjukan,90001,D3,-8.43333,114.33333,"-8.43333, 114.33333","Kedungrejo, Banyuwangi, Jawa Timur, Indonesia",Jalan Kecil,Apartemen,Lainnya,Kawasan Industri,-7.51611,109.05389,"-7.51611, 109.05389","Wangon, Banyumas, Jawa Tengah, Indonesia",Jalan Besar,Rumah,Perusahaan,Kawasan Pertanian,-7.51611,109.05389,"-7.51611, 109.05389",-7.51611,109.05389,"-7.51611, 109.05389",-7.51611,109.05389,"-7.51611, 109.05389",-6.91806,106.92667,"-6.91806, 106.92667",-7.51611,109.05389,"-7.51611, 109.05389",0.0,0.0,0.0,244068.35408390564,0.0,48813.67081678113,> 5 Tahun,Rendah,Sedang,Rendah,Sedang,Rendah,Rendah,Stabil,Sangat Sesuai,77.25,Very Good
2023-04-06 09:04:08.917649,1802151309710000,Ir. Zaenab Hasanah,52,L,Cerai Mati,Vice Regent/Vice Mayor,Direktur,Industri Pemindangan Ikan,10214,S1,-8.43333,114.33333,"-8.43333, 114.33333","Kedungrejo, Banyuwangi, Jawa Timur, Indonesia",Jalan Sedang,Apartemen,Pemerintah,Kawasan Pegunungan,-8.43333,114.33333,"-8.43333, 114.33333","Kedungrejo, Banyuwangi, Jawa Timur, Indonesia",Jalan Sedang,Asrama,Perusahaan,Kawasan Komersial,3.31332,117.59152,"3.31332, 117.59152",-8.43333,114.33333,"-8.43333, 114.33333",3.31332,117.59152,"3.31332, 117.59152",3.31332,117.59152,"3.31332, 117.59152",-1.26424,104.09701,"-1.26424, 104.09701",1348368.8184015446,0.0,1348368.8184015446,1348368.8184015446,1384204.5568945734,1085862.2024198414,< 1 Tahun,Sedang,Sangat Rendah,Rendah,Sangat Tinggi,Sangat Rendah,Rendah,Stabil,Tidak Sesuai,42.0,Fair
2023-04-06 09:04:11.193388,7209102910650003,"R. Wadi Ardianto, M.M.",58,L,Belum Kawin,Livestock laborer,Staff,Angkutan Penyeberangan Antarprovinsi Untuk Penumpang,50214,S1,3.31332,117.59152,"3.31332, 117.59152","Karang Balik, Tarakan, Kalimantan Utara, 77112, Indonesia",Jalan Kecil,Rumah Susun,Perorangan Pribadi,Kawasan Komersial,3.31332,117.59152,"3.31332, 117.59152","Karang Balik, Tarakan, Kalimantan Utara, 77112, Indonesia",Jalan Kecil,Rumah Susun,Perorangan Pribadi,Kawasan Komersial,-7.01833,107.60389,"-7.01833, 107.60389",3.31332,117.59152,"3.31332, 117.59152",3.31332,117.59152,"3.31332, 117.59152",-6.48167,106.85417,"-6.48167, 106.85417",3.31332,117.59152,"3.31332, 117.59152",1592709.7164027442,0.0,0.0,1611600.6120589597,0.0,640862.0656923407,3 - 4 Tahun,Sangat Tinggi,Rendah,Rendah,Tinggi,Rendah,Sangat Tinggi,Stabil,Tidak Sesuai,36.75,Fair
2023-04-06 09:04:12.821559,7308104208880000,Nugraha Hartati,35,P,Kawin,Household caregiver,Manager,Perdagangan Eceran Barang Farmasi Bukan Di Apotik,47723,S2,-1.26424,104.09701,"-1.26424, 104.09701","Kelurahan Simpang, Tanjung Jabung Timur, Jambi, Indonesia",Jalan Sedang,Apartemen,Perorangan Pribadi,Kawasan Perumahan,-6.91806,106.92667,"-6.91806, 106.92667","Cikole, Sukabumi, Jawa Barat, 43111, Indonesia",Jalan Kecil,Perumahan,Pemerintah,Kawasan Perumahan,-6.91806,106.92667,"-6.91806, 106.92667",-6.91806,106.92667,"-6.91806, 106.92667",-6.91806,106.92667,"-6.91806, 106.92667",-6.91806,106.92667,"-6.91806, 106.92667",-6.91806,106.92667,"-6.91806, 106.92667",0.0,0.0,0.0,0.0,0.0,0.0,> 5 Tahun,Tinggi,Sangat Tinggi,Tinggi,Sangat Tinggi,Sangat Tinggi,Sedang,Stabil,Sangat Sesuai,77.25,Very Good
2023-04-06 09:04:18.069855,7504095712950003,Paramita Permata,28,P,Kawin,Construction,Staff,Aktivitas Penunjang Pertambangan Dan Penggalian Lainnya,9900,D3,3.31332,117.59152,"3.31332, 117.59152","Karang Balik, Tarakan, Kalimantan Utara, 77112, Indonesia",Jalan Sedang,Apartemen,Lainnya,Kawasan Perumahan,3.31332,117.59152,"3.31332, 117.59152","Karang Balik, Tarakan, Kalimantan Utara, 77112, Indonesia",Jalan Sedang,Apartemen,Lainnya,Kawasan Perumahan,3.31332,117.59152,"3.31332, 117.59152",3.31332,117.59152,"3.31332, 117.59152",3.31332,117.59152,"3.31332, 117.59152",-7.01833,107.60389,"-7.01833, 107.60389",-3.5403,118.9707,"-3.5403, 118.9707",0.0,0.0,0.0,1592709.7164027442,773220.2719903385,473185.99767861655,< 1 Tahun,Sedang,Rendah,Sangat Tinggi,Sedang,Sangat Rendah,Tinggi,Tidak stabil,Sangat Sesuai,63.25,Good
2023-04-06 09:04:21.760903,1703160502590005,Olivia Manullang,64,L,Cerai Hidup,Architect,Supervisor,Lembaga Kliring Dan Penjaminan Berjangka,66197,S2,-7.54972,110.71639,"-7.54972, 110.71639","Kertonatan, Sukoharjo, Jawa Tengah, 57165, Indonesia",Jalan Besar,Rumah,Perorangan Pribadi,Kawasan Komersial,-7.57897,112.23109,"-7.57897, 112.23109","Balongbesuk, Jombang, Jawa Timur, Jawa, 61471, Indonesia",Jalan Besar,Apartemen,Perusahaan,Kawasan Perumahan,-7.57897,112.23109,"-7.57897, 112.23109",-7.57897,112.23109,"-7.57897, 112.23109",-7.57897,112.23109,"-7.57897, 112.23109",-7.57897,112.23109,"-7.57897, 112.23109",-1.26424,104.09701,"-1.26424, 104.09701",0.0,0.0,0.0,0.0,1140977.4905244594,228195.49810489189,1 - 2 Tahun,Sedang,Sangat Tinggi,Rendah,Tinggi,Rendah,Sedang,Stabil,Sangat Sesuai,72.0,Very Good
2023-04-06 09:04:28.119193,1410060307560000,Tari Melani,67,L,Cerai Hidup,Priest,Manager,Industri Pencetakan Kain,13133,D3,-7.73379,113.69785,"-7.73379, 113.69785","Besuki, Situbondo, Jawa Timur, Indonesia",Jalan Besar,Rumah Susun,Perorangan Orang Lain,Kawasan Perumahan,-1.6,103.61667,"-1.6, 103.61667","Jalan Haji Abdulrahman Saleh, Sungai Asam, Jambi, Danau Sipin, Jambi, 36134, Indonesia",Jalan Sedang,Perumahan,Perusahaan,Kawasan Pertanian,-7.0981,109.3243,"-7.0981, 109.3243",-1.6,103.61667,"-1.6, 103.61667",-1.6,103.61667,"-1.6, 103.61667",-7.0981,109.3243,"-7.0981, 109.3243",-1.6,103.61667,"-1.6, 103.61667",877909.9367797134,0.0,0.0,877909.9367797134,0.0,351163.9747118853,> 5 Tahun,Sedang,Sangat Tinggi,Rendah,Rendah,Tinggi,Rendah,Stabil,Tidak Sesuai,50.75,Good
2023-04-06 09:04:32.521112,6103056906970008,"Zulfa Zulkarnain, S.I.Kom",26,P,Cerai Mati,Tailor,Staff,Industri Pati Ubi Kayu,10621,D4,-7.73379,113.69785,"-7.73379, 113.69785","Besuki, Situbondo, Jawa Timur, Indonesia",Jalan Sedang,Rumah Susun,Perorangan Orang Lain,Kawasan Industri,-7.73379,113.69785,"-7.73379, 113.69785","Besuki, Situbondo, Jawa Timur, Indonesia",Jalan Sedang,Rumah Susun,Perorangan Orang Lain,Kawasan Industri,-6.8048,110.8405,"-6.8048, 110.8405",-6.91806,106.92667,"-6.91806, 106.92667",-7.73379,113.69785,"-7.73379, 113.69785",-6.8048,110.8405,"-6.8048, 110.8405",-1.26753,116.82887,"-1.26753, 116.82887",331839.69979370374,753061.3549065375,0.0,331839.69979370374,794928.6060381103,442333.872106411,3 - 4 Tahun,Sedang,Rendah,Sangat Tinggi,Rendah,Tinggi,Tinggi,Tidak stabil,Tidak Sesuai,24.5,Poor
2023-04-06 09:04:35.163357,6103201310940006,Lala Gunarto,29,L,Cerai Mati,Village officials,Supervisor,Perdagangan Besar Hasil Pertanian Dan Hewan Hidup Lainnya,46209,D3,-7.0981,109.3243,"-7.0981, 109.3243","SMA ALFALAH, Jembatan Comal, Sikasur, Pemalang, Jawa Tengah, Indonesia",Jalan Sedang,Rumah,Perorangan Orang Lain,Kawasan Wisata,-7.0981,109.3243,"-7.0981, 109.3243","SMA ALFALAH, Jembatan Comal, Sikasur, Pemalang, Jawa Tengah, Indonesia",Jalan Sedang,Rumah,Perorangan Orang Lain,Kawasan Wisata,-7.0981,109.3243,"-7.0981, 109.3243",-7.0981,109.3243,"-7.0981, 109.3243",-7.0981,109.3243,"-7.0981, 109.3243",-7.0981,109.3243,"-7.0981, 109.3243",-7.0981,109.3243,"-7.0981, 109.3243",0.0,0.0,0.0,0.0,0.0,0.0,< 1 Tahun,Tinggi,Sangat Tinggi,Sedang,Sangat Tinggi,Tinggi,Sangat Tinggi,Stabil,Sangat Sesuai,68.5,Good
2023-04-06 09:04:39.859943,7105087104550009,Jaiman Padmasari,68,P,Kawin,Chef,Direktur,Industri Semi Konduktor Dan Komponen Elektronik Lainnya,26120,SMA/SMK,-1.26753,116.82887,"-1.26753, 116.82887","Telaga Sari, Balikpapan, Kalimantan Timur, 76112, Indonesia",Jalan Sedang,Perumahan,Perorangan Pribadi,Kawasan Perumahan,-7.51611,109.05389,"-7.51611, 109.05389","Wangon, Banyumas, Jawa Tengah, Indonesia",Jalan Sedang,Rumah Susun,Lainnya,Kawasan Perumahan,-7.51611,109.05389,"-7.51611, 109.05389",-3.5403,118.9707,"-3.5403, 118.9707",-7.51611,109.05389,"-7.51611, 109.05389",-7.51611,109.05389,"-7.51611, 109.05389",-7.54972,110.71639,"-7.54972, 110.71639",0.0,1183308.0044345073,0.0,0.0,183519.5464679108,273365.51018048363,3 - 4 Tahun,Sangat Tinggi,Sangat Rendah,Sedang,Sedang,Sedang,Sangat Tinggi,Tidak stabil,Sangat Sesuai,56.25,Good
2023-04-06 09:04:43.316239,1671044711970004,Calista Setiawan,26,P,Belum Kawin,Lecturer,Direktur,Industri Kerajinan Ukiran Dari Kayu Bukan Mebeller,16293,D4,-7.54972,110.71639,"-7.54972, 110.71639","Kertonatan, Sukoharjo, Jawa Tengah, 57165, Indonesia",Jalan Sedang,Perumahan,Perorangan Orang Lain,Kawasan Perumahan,-8.43333,114.33333,"-8.43333, 114.33333","Kedungrejo, Banyuwangi, Jawa Timur, Indonesia",Jalan Sedang,Apartemen,Perorangan Orang Lain,Kawasan Perumahan,-8.43333,114.33333,"-8.43333, 114.33333",3.31332,117.59152,"3.31332, 117.59152",-8.43333,114.33333,"-8.43333, 114.33333",3.7278,98.6738,"3.7278, 98.6738",-8.43333,114.33333,"-8.43333, 114.33333",0.0,1348368.8184015446,0.0,2197886.9768845364,0.0,709251.1590572161,1 - 2 Tahun,Sangat Tinggi,Sedang,Tinggi,Sangat Tinggi,Sangat Rendah,Rendah,Stabil,Sangat Sesuai,73.75,Very Good
2023-04-06 09:04:46.808190,3504096606860007,Devi Suartini,37,P,Cerai Hidup,Private employee,Direktur,Aktivitas Organisasi Keagamaan,94910,S3,-1.26424,104.09701,"-1.26424, 104.09701","Kelurahan Simpang, Tanjung Jabung Timur, Jambi, Indonesia",Jalan Kecil,Rumah Susun,Perorangan Pribadi,Kawasan Komersial,-1.26753,116.82887,"-1.26753, 116.82887","Telaga Sari, Balikpapan, Kalimantan Timur, 76112, Indonesia",Jalan Sedang,Apartemen,Perusahaan,Kawasan Pegunungan,-7.57897,112.23109,"-7.57897, 112.23109",-1.6,103.61667,"-1.6, 103.61667",-1.26753,116.82887,"-1.26753, 116.82887",-7.57897,112.23109,"-7.57897, 112.23109",-7.57897,112.23109,"-7.57897, 112.23109",864439.5619496573,1470773.405601939,0.0,864439.5619496573,864439.5619496573,812818.4182901822,3 - 4 Tahun,Rendah,Sedang,Sangat Tinggi,Sedang,Tinggi,Tinggi,Tidak stabil,Tidak Sesuai,33.25,Fair
2023-04-06 09:04:49.051772,9210190207720007,Balamantri Samosir,51,L,Cerai Hidup,Traditional healer,Supervisor,Kantor Cabang Bank Asing,64124,D4,3.7278,98.6738,"3.7278, 98.6738","Labuhan Deli, Medan Marelan, Kota Medan, Sumatera Utara, 20253, Indonesia",Jalan Besar,Rumah,Perorangan Pribadi,Kawasan Pegunungan,3.7278,98.6738,"3.7278, 98.6738","Labuhan Deli, Medan Marelan, Kota Medan, Sumatera Utara, 20253, Indonesia",Jalan Besar,Rumah,Perorangan Pribadi,Kawasan Pegunungan,3.7278,98.6738,"3.7278, 98.6738",3.7278,98.6738,"3.7278, 98.6738",3.7278,98.6738,"3.7278, 98.6738",3.7278,98.6738,"3.7278, 98.6738",3.7278,98.6738,"3.7278, 98.6738",0.0,0.0,0.0,0.0,0.0,0.0,< 1 Tahun,Sangat Rendah,Tinggi,Rendah,Sangat Tinggi,Sedang,Sangat Tinggi,Stabil,Sangat Sesuai,80.75,Very Good
2023-04-06 09:04:53.722329,7409071210780007,"Humaira Haryanto, S.E.",45,L,Cerai Hidup,Industry,Manager,Analisis Dan Uji Teknis Lainnya,71209,D4,-7.51611,109.05389,"-7.51611, 109.05389","Wangon, Banyumas, Jawa Tengah, Indonesia",Jalan Besar,Rumah,Perorangan Orang Lain,Kawasan Pertanian,-7.51611,109.05389,"-7.51611, 109.05389","Wangon, Banyumas, Jawa Tengah, Indonesia",Jalan Besar,Rumah,Perorangan Orang Lain,Kawasan Pertanian,-7.51611,109.05389,"-7.51611, 109.05389",-7.51611,109.05389,"-7.51611, 109.05389",-7.51611,109.05389,"-7.51611, 109.05389",-7.51611,109.05389,"-7.51611, 109.05389",-7.51611,109.05389,"-7.51611, 109.05389",0.0,0.0,0.0,0.0,0.0,0.0,3 - 4 Tahun,Rendah,Sangat Rendah,Sedang,Rendah,Sedang,Rendah,Stabil,Sangat Sesuai,77.25,Very Good
2023-04-06 09:04:59.896449,1501174410530000,Garda Pranowo,70,P,Cerai Hidup,Regional-owned enterprise employee,Supervisor,Aktivitas Telekomunikasi Khusus Untuk Keperluan Pertahanan Keamanan,61993,S3,3.3285,99.1625,"3.3285, 99.1625","Rumah Sakit Umum Herna, Jalan Veteran, Tebing Tinggi, Kota Tebing Tinggi, Sumatera Utara, 20600, Indonesia",Jalan Besar,Apartemen,Perorangan Pribadi,Kawasan Wisata,-7.01833,107.60389,"-7.01833, 107.60389","Rancamulya, Bandung, Jawa Barat, 40288, Indonesia",Jalan Besar,Rumah,Lainnya,Kawasan Pegunungan,-7.01833,107.60389,"-7.01833, 107.60389",-7.01833,107.60389,"-7.01833, 107.60389",-7.01833,107.60389,"-7.01833, 107.60389",-7.01833,107.60389,"-7.01833, 107.60389",-7.01833,107.60389,"-7.01833, 107.60389",0.0,0.0,0.0,0.0,0.0,0.0,3 - 4 Tahun,Rendah,Rendah,Sedang,Sedang,Sedang,Rendah,Stabil,Sangat Sesuai,75.5,Very Good
2023-04-06 09:05:02.158346,9201440409890000,"Ir. Jatmiko Safitri, S.E.",34,L,Belum Kawin,Journalist,Direktur,Pembibitan Dan Budidaya Burung Puyuh,1466,S1,0.51667,101.44167,"0.51667, 101.44167","Jalan Durian, RT. 01, Kelurahan Jadirejo, Kabupaten Kampar, Riau, 28121, Indonesia",Jalan Sedang,Perumahan,Pemerintah,Kawasan Pertanian,0.51667,101.44167,"0.51667, 101.44167","Jalan Durian, RT. 01, Kelurahan Jadirejo, Kabupaten Kampar, Riau, 28121, Indonesia",Jalan Sedang,Perumahan,Pemerintah,Kawasan Pertanian,0.51667,101.44167,"0.51667, 101.44167",0.51667,101.44167,"0.51667, 101.44167",0.51667,101.44167,"0.51667, 101.44167",0.51667,101.44167,"0.51667, 101.44167",0.51667,101.44167,"0.51667, 101.44167",0.0,0.0,0.0,0.0,0.0,0.0,1 - 2 Tahun,Sedang,Tinggi,Tinggi,Sangat Tinggi,Sangat Rendah,Tinggi,Stabil,Sangat Sesuai,79.0,Very Good
2023-04-06 09:05:06.857317,3325112510970004,Tgk. Hadi Jailani,26,L,Cerai Hidup,Broker,Direktur,Restoran,56101,S1,-7.51611,109.05389,"-7.51611, 109.05389","Wangon, Banyumas, Jawa Tengah, Indonesia",Jalan Kecil,Rumah,Pemerintah,Kawasan Pertanian,-6.91806,106.92667,"-6.91806, 106.92667","Cikole, Sukabumi, Jawa Barat, 43111, Indonesia",Jalan Kecil,Rumah Susun,Perorangan Orang Lain,Kawasan Pegunungan,3.31332,117.59152,"3.31332, 117.59152",-6.91806,106.92667,"-6.91806, 106.92667",-6.48167,106.85417,"-6.48167, 106.85417",3.31332,117.59152,"3.31332, 117.59152",3.31332,117.59152,"3.31332, 117.59152",1638392.930092044,0.0,48921.288108026514,1638392.930092044,1638392.930092044,992820.0156768316,3 - 4 Tahun,Tinggi,Tinggi,Sedang,Sangat Rendah,Sedang,Tinggi,Tidak stabil,Tidak Sesuai,35.0,Fair
2023-04-06 09:05:09.590823,9203154805570006,Cornelia Pradana,66,P,Kawin,Fisherman/fisheries,Manager,Klub Kebugaran/fitness Dan Binaraga,93127,S1,-7.54972,110.71639,"-7.54972, 110.71639","Kertonatan, Sukoharjo, Jawa Tengah, 57165, Indonesia",Jalan Besar,Apartemen,Perorangan Pribadi,Kawasan Industri,-7.54972,110.71639,"-7.54972, 110.71639","Kertonatan, Sukoharjo, Jawa Tengah, 57165, Indonesia",Jalan Besar,Apartemen,Perorangan Pribadi,Kawasan Industri,-7.54972,110.71639,"-7.54972, 110.71639",3.31332,117.59152,"3.31332, 117.59152",-7.54972,110.71639,"-7.54972, 110.71639",-7.54972,110.71639,"-7.54972, 110.71639",-7.54972,110.71639,"-7.54972, 110.71639",0.0,1423424.0687853612,0.0,0.0,0.0,284684.81375707226,< 1 Tahun,Tinggi,Sangat Tinggi,Tinggi,Tinggi,Sedang,Rendah,Stabil,Sangat Sesuai,68.5,Good
2023-04-06 09:05:15.331293,3512114505730003,Dipa Maheswara,50,P,Cerai Hidup,Electrician,Supervisor,Perdagangan Besar Obat Tradisional,46493,SMA/SMK,-7.01833,107.60389,"-7.01833, 107.60389","Rancamulya, Bandung, Jawa Barat, 40288, Indonesia",Jalan Kecil,Apartemen,Lainnya,Kawasan Pertanian,-6.8048,110.8405,"-6.8048, 110.8405","Demaan, Kudus, Jawa Tengah, 59318, Indonesia",Jalan Besar,Perumahan,Perusahaan,Kawasan Komersial,3.3285,99.1625,"3.3285, 99.1625",-7.54972,110.71639,"-7.54972, 110.71639",-7.81667,112.01667,"-7.81667, 112.01667",-6.8048,110.8405,"-6.8048, 110.8405",-6.8048,110.8405,"-6.8048, 110.8405",1714526.6176200132,83514.63968003677,171433.19300905959,0.0,0.0,393894.8900618219,3 - 4 Tahun,Sangat Rendah,Sangat Tinggi,Sedang,Sangat Rendah,Sangat Tinggi,Sangat Tinggi,Tidak stabil,Tidak Sesuai,35.0,Fair
2023-04-06 09:05:17.696873,3518101003990002,Yani Maheswara,24,L,Cerai Mati,Fisherman/fishery laborer,Manager,Perdagangan Besar Tekstil,46411,S1,-6.91806,106.92667,"-6.91806, 106.92667","Cikole, Sukabumi, Jawa Barat, 43111, Indonesia",Jalan Sedang,Perumahan,Perorangan Pribadi,Kawasan Pertanian,-6.91806,106.92667,"-6.91806, 106.92667","Cikole, Sukabumi, Jawa Barat, 43111, Indonesia",Jalan Sedang,Perumahan,Perorangan Pribadi,Kawasan Pertanian,-6.91806,106.92667,"-6.91806, 106.92667",-6.91806,106.92667,"-6.91806, 106.92667",-7.54972,110.71639,"-7.54972, 110.71639",-6.91806,106.92667,"-6.91806, 106.92667",-8.43333,114.33333,"-8.43333, 114.33333",0.0,0.0,424320.3650466799,0.0,834138.60438535,251691.79388640597,> 5 Tahun,Sangat Tinggi,Sangat Rendah,Sedang,Tinggi,Sangat Tinggi,Sangat Tinggi,Tidak stabil,Sangat Sesuai,58.0,Good
2023-04-06 09:05:23.335863,3316145912890001,R. Ayu Saptono,34,P,Belum Kawin,Fisherman/fishery laborer,Manager,"Perdagangan Eceran Kaki Lima Dan Los Pasar Roti, Kue Kering, Kue Basah Dan Sejenisnya",47822,SMA/SMK,-7.57897,112.23109,"-7.57897, 112.23109","Balongbesuk, Jombang, Jawa Timur, Jawa, 61471, Indonesia",Jalan Sedang,Rumah,Pemerintah,Kawasan Pertanian,-7.57897,112.23109,"-7.57897, 112.23109","Balongbesuk, Jombang, Jawa Timur, Jawa, 61471, Indonesia",Jalan Sedang,Rumah,Pemerintah,Kawasan Pertanian,-7.51611,109.05389,"-7.51611, 109.05389",-7.81667,112.01667,"-7.81667, 112.01667",-7.51611,109.05389,"-7.51611, 109.05389",-7.57897,112.23109,"-7.57897, 112.23109",-7.81667,112.01667,"-7.81667, 112.01667",350708.4069469863,35364.54240478568,350708.4069469863,0.0,35364.54240478568,154429.17974070876,3 - 4 Tahun,Tinggi,Sangat Tinggi,Rendah,Sangat Rendah,Sedang,Rendah,Stabil,Tidak Sesuai,43.75,Fair
2023-04-06 09:05:24.971059,6106066906510008,Yance Maulana,72,P,Belum Kawin,Psychiatrist/Psychologist,Staff,"Perdagangan Besar Mesin, Peralatan Dan Perlengkapan Pertanian",46530,S3,-7.57897,112.23109,"-7.57897, 112.23109","Balongbesuk, Jombang, Jawa Timur, Jawa, 61471, Indonesia",Jalan Sedang,Perumahan,Lainnya,Kawasan Industri,-7.57897,112.23109,"-7.57897, 112.23109","Balongbesuk, Jombang, Jawa Timur, Jawa, 61471, Indonesia",Jalan Sedang,Perumahan,Lainnya,Kawasan Industri,-7.57897,112.23109,"-7.57897, 112.23109",-7.57897,112.23109,"-7.57897, 112.23109",-7.57897,112.23109,"-7.57897, 112.23109",3.7278,98.6738,"3.7278, 98.6738",-7.57897,112.23109,"-7.57897, 112.23109",0.0,0.0,0.0,1957281.3498259494,0.0,391456.26996518986,< 1 Tahun,Sedang,Sangat Tinggi,Sedang,Sangat Rendah,Sedang,Sangat Tinggi,Tidak stabil,Sangat Sesuai,58.0,Good
2023-04-06 09:05:30.608913,3527071708630006,"Dr. Uchita Wasita, S.Kom",60,L,Cerai Mati,Nurse,Manager,Aktivitas Praktik Dokter Spesialis,86202,SMA/SMK,3.31332,117.59152,"3.31332, 117.59152","Karang Balik, Tarakan, Kalimantan Utara, 77112, Indonesia",Jalan Besar,Perumahan,Perorangan Pribadi,Kawasan Pegunungan,3.31332,117.59152,"3.31332, 117.59152","Karang Balik, Tarakan, Kalimantan Utara, 77112, Indonesia",Jalan Besar,Perumahan,Perorangan Pribadi,Kawasan Pegunungan,-7.57897,112.23109,"-7.57897, 112.23109",-6.48167,106.85417,"-6.48167, 106.85417",-7.57897,112.23109,"-7.57897, 112.23109",3.31332,117.59152,"3.31332, 117.59152",3.31332,117.59152,"3.31332, 117.59152",1343592.1732155716,1611600.6120589597,1343592.1732155716,0.0,0.0,859756.9916980205,3 - 4 Tahun,Sangat Rendah,Sangat Rendah,Sangat Tinggi,Rendah,Tinggi,Sangat Tinggi,Tidak stabil,Tidak Sesuai,29.749999999999996,Poor
2023-04-06 09:05:33.283961,6402165906790008,Febi Hidayat,44,P,Cerai Hidup,Member of the Constitutional Court,Manager,Pengelolaan Dan Pembuangan Sampah Berbahaya,38220,D4,-1.26424,104.09701,"-1.26424, 104.09701","Kelurahan Simpang, Tanjung Jabung Timur, Jambi, Indonesia",Jalan Kecil,Perumahan,Pemerintah,Kawasan Perumahan,-1.26424,104.09701,"-1.26424, 104.09701","Kelurahan Simpang, Tanjung Jabung Timur, Jambi, Indonesia",Jalan Kecil,Perumahan,Pemerintah,Kawasan Perumahan,-7.57897,112.23109,"-7.57897, 112.23109",-7.57897,112.23109,"-7.57897, 112.23109",-1.26424,104.09701,"-1.26424, 104.09701",-1.26424,104.09701,"-1.26424, 104.09701",-7.57897,112.23109,"-7.57897, 112.23109",1140977.4905244594,1140977.4905244594,0.0,0.0,1140977.4905244594,684586.4943146756,< 1 Tahun,Rendah,Tinggi,Sedang,Rendah,Sangat Tinggi,Sangat Tinggi,Tidak stabil,Tidak Sesuai,29.749999999999996,Poor
2023-04-06 09:05:36.927476,3517021909730006,"Mustofa Maryadi, S.Ked",50,L,Kawin,Indonesian National Police,Direktur,Pemanenan Kayu,2201,S3,-7.01833,107.60389,"-7.01833, 107.60389","Rancamulya, Bandung, Jawa Barat, 40288, Indonesia",Jalan Besar,Rumah,Pemerintah,Kawasan Perumahan,-6.8048,110.8405,"-6.8048, 110.8405","Demaan, Kudus, Jawa Tengah, 59318, Indonesia",Jalan Kecil,Perumahan,Lainnya,Kawasan Pegunungan,-6.8048,110.8405,"-6.8048, 110.8405",-6.8048,110.8405,"-6.8048, 110.8405",-7.81667,112.01667,"-7.81667, 112.01667",-6.8048,110.8405,"-6.8048, 110.8405",-6.91806,106.92667,"-6.91806, 106.92667",0.0,0.0,171433.19300905959,0.0,432765.86922193423,120839.81244619875,1 - 2 Tahun,Sangat Tinggi,Sangat Tinggi,Rendah,Sangat Tinggi,Sangat Tinggi,Sangat Tinggi,Tidak stabil,Sangat Sesuai,65.0,Good
2023-04-06 09:05:42.373890,1203056605650008,Arsipatra Novitasari,58,P,Cerai Mati,Driver,Manager,Industri Peralatan Komunikasi Tanpa Kabel (wireless),26320,D4,-7.0981,109.3243,"-7.0981, 109.3243","SMA ALFALAH, Jembatan Comal, Sikasur, Pemalang, Jawa Tengah, Indonesia",Jalan Sedang,Rumah Susun,Lainnya,Kawasan Komersial,-7.0981,109.3243,"-7.0981, 109.3243","SMA ALFALAH, Jembatan Comal, Sikasur, Pemalang, Jawa Tengah, Indonesia",Jalan Sedang,Rumah Susun,Lainnya,Kawasan Komersial,-7.01833,107.60389,"-7.01833, 107.60389",-7.0981,109.3243,"-7.0981, 109.3243",-7.01833,107.60389,"-7.01833, 107.60389",-8.43333,114.33333,"-8.43333, 114.33333",-3.5403,118.9707,"-3.5403, 118.9707",190277.9238384314,0.0,190277.9238384314,571899.780860487,1139151.3673714548,418321.39918176096,< 1 Tahun,Sangat Tinggi,Sangat Tinggi,Tinggi,Sangat Tinggi,Sedang,Sangat Tinggi,Tidak stabil,Tidak Sesuai,29.749999999999996,Poor
2023-04-06 09:05:46.027353,6112041306520004,Cahyanto Tarihoran,71,L,Cerai Mati,Fisherman/fishery laborer,Staff,Perdagangan Eceran Kaki Lima Dan Los Pasar Komoditi Hasil Perikanan,47815,S2,-7.57897,112.23109,"-7.57897, 112.23109","Balongbesuk, Jombang, Jawa Timur, Jawa, 61471, Indonesia",Jalan Besar,Rumah,Perorangan Orang Lain,Kawasan Pertanian,-1.26753,116.82887,"-1.26753, 116.82887","Telaga Sari, Balikpapan, Kalimantan Timur, 76112, Indonesia",Jalan Kecil,Rumah Susun,Perorangan Pribadi,Kawasan Pegunungan,-7.57897,112.23109,"-7.57897, 112.23109",-7.57897,112.23109,"-7.57897, 112.23109",-7.57897,112.23109,"-7.57897, 112.23109",-1.26753,116.82887,"-1.26753, 116.82887",-7.57897,112.23109,"-7.57897, 112.23109",864439.5619496573,864439.5619496573,864439.5619496573,0.0,864439.5619496573,691551.6495597258,1 - 2 Tahun,Sedang,Sedang,Tinggi,Tinggi,Tinggi,Sedang,Stabil,Tidak Sesuai,36.75,Fair
2023-04-06 09:05:50.294975,9102411008860003,Mala Marpaung,37,L,Kawin,Nun,Direktur,Industri Peralatan Pengontrol Dan Pendistribusian Listrik,27120,SMA/SMK,0.51667,101.44167,"0.51667, 101.44167","Jalan Durian, RT. 01, Kelurahan Jadirejo, Kabupaten Kampar, Riau, 28121, Indonesia",Jalan Besar,Perumahan,Lainnya,Kawasan Perumahan,3.7278,98.6738,"3.7278, 98.6738","Labuhan Deli, Medan Marelan, Kota Medan, Sumatera Utara, 20253, Indonesia",Jalan Besar,Rumah,Pemerintah,Kawasan Wisata,-8.43333,114.33333,"-8.43333, 114.33333",3.7278,98.6738,"3.7278, 98.6738",-3.5403,118.9707,"-3.5403, 118.9707",-8.43333,114.33333,"-8.43333, 114.33333",-8.43333,114.33333,"-8.43333, 114.33333",2197886.9768845364,0.0,2396692.8151286934,2197886.9768845364,2197886.9768845364,1798070.7491564606,1 - 2 Tahun,Rendah,Sangat Tinggi,Sedang,Sangat Rendah,Sangat Tinggi,Sedang,Tidak stabil,Tidak Sesuai,33.25,Fair
2023-04-06 09:05:52.851958,3329104304830001,"Dt. Arta Waskita, M.Pd",40,P,Cerai Mati,Industry,Manager,Industri Minuman Beralkohol Hasil Fermentasi Malt,11031,D4,3.7278,98.6738,"3.7278, 98.6738","Labuhan Deli, Medan Marelan, Kota Medan, Sumatera Utara, 20253, Indonesia",Jalan Kecil,Rumah,Lainnya,Kawasan Perumahan,3.31332,117.59152,"3.31332, 117.59152","Karang Balik, Tarakan, Kalimantan Utara, 77112, Indonesia",Jalan Sedang,Asrama,Lainnya,Kawasan Komersial,3.31332,117.59152,"3.31332, 117.59152",3.31332,117.59152,"3.31332, 117.59152",3.31332,117.59152,"3.31332, 117.59152",3.31332,117.59152,"3.31332, 117.59152",3.31332,117.59152,"3.31332, 117.59152",0.0,0.0,0.0,0.0,0.0,0.0,1 - 2 Tahun,Sedang,Tinggi,Sedang,Tinggi,Rendah,Sedang,Stabil,Sangat Sesuai,77.25,Very Good
2023-04-06 09:05:59.158640,7505081412660001,Bakijan Waskita,57,L,Cerai Mati,Mayor,Staff,Aktivitas Salon Kecantikan,96112,S3,-7.51611,109.05389,"-7.51611, 109.05389","Wangon, Banyumas, Jawa Tengah, Indonesia",Jalan Sedang,Rumah Susun,Perorangan Pribadi,Kawasan Wisata,-1.26753,116.82887,"-1.26753, 116.82887","Telaga Sari, Balikpapan, Kalimantan Timur, 76112, Indonesia",Jalan Kecil,Rumah Susun,Perorangan Orang Lain,Kawasan Komersial,3.31332,117.59152,"3.31332, 117.59152",3.31332,117.59152,"3.31332, 117.59152",-1.26753,116.82887,"-1.26753, 116.82887",-1.26753,116.82887,"-1.26753, 116.82887",-1.26753,116.82887,"-1.26753, 116.82887",513588.0258616638,513588.0258616638,0.0,0.0,0.0,205435.2103446655,3 - 4 Tahun,Rendah,Rendah,Sangat Tinggi,Tinggi,Rendah,Sedang,Stabil,Tidak Sesuai,36.75,Fair
2023-04-06 09:06:05.474781,7316111103790004,Ina Wulandari,44,L,Belum Kawin,Pilot,Direktur,Perdagangan Eceran Kaki Lima Dan Los Pasar Barang Lainnya,47899,S3,-7.81667,112.01667,"-7.81667, 112.01667","Kota, Kediri, Jawa Timur, Jawa, 64123, Indonesia",Jalan Besar,Apartemen,Perorangan Orang Lain,Kawasan Pegunungan,-8.43333,114.33333,"-8.43333, 114.33333","Kedungrejo, Banyuwangi, Jawa Timur, Indonesia",Jalan Sedang,Apartemen,Perusahaan,Kawasan Perumahan,-8.43333,114.33333,"-8.43333, 114.33333",-1.26424,104.09701,"-1.26424, 104.09701",-7.54972,110.71639,"-7.54972, 110.71639",-6.91806,106.92667,"-6.91806, 106.92667",-7.01833,107.60389,"-7.01833, 107.60389",0.0,1384204.5568945734,410546.424814072,834138.60438535,758650.8322835865,677508.0836755164,3 - 4 Tahun,Tinggi,Rendah,Sangat Tinggi,Sedang,Rendah,Sangat Tinggi,Tidak stabil,Sangat Sesuai,58.0,Good
2023-04-06 09:06:07.859517,3327146606700006,Catur Namaga,53,P,Cerai Mati,Member of the Provincial House of Representatives,Staff,Manager Investasi,66123,S3,-1.6,103.61667,"-1.6, 103.61667","Jalan Haji Abdulrahman Saleh, Sungai Asam, Jambi, Danau Sipin, Jambi, 36134, Indonesia",Jalan Besar,Rumah Susun,Lainnya,Kawasan Pertanian,-1.6,103.61667,"-1.6, 103.61667","Jalan Haji Abdulrahman Saleh, Sungai Asam, Jambi, Danau Sipin, Jambi, 36134, Indonesia",Jalan Besar,Rumah Susun,Lainnya,Kawasan Pertanian,-1.6,103.61667,"-1.6, 103.61667",-1.6,103.61667,"-1.6, 103.61667",-1.6,103.61667,"-1.6, 103.61667",-1.6,103.61667,"-1.6, 103.61667",-1.6,103.61667,"-1.6, 103.61667",0.0,0.0,0.0,0.0,0.0,0.0,1 - 2 Tahun,Sangat Tinggi,Rendah,Tinggi,Tinggi,Sangat Tinggi,Sedang,Stabil,Sangat Sesuai,66.75,Good
2023-04-06 09:06:10.560630,6109045309710003,dr. Pia Dabukke,52,P,Kawin,Regional-owned enterprise employee,Direktur,Aktivitas Salon Kecantikan,96112,D3,3.7278,98.6738,"3.7278, 98.6738","Labuhan Deli, Medan Marelan, Kota Medan, Sumatera Utara, 20253, Indonesia",Jalan Besar,Rumah,Pemerintah,Kawasan Pegunungan,3.7278,98.6738,"3.7278, 98.6738","Labuhan Deli, Medan Marelan, Kota Medan, Sumatera Utara, 20253, Indonesia",Jalan Besar,Rumah,Pemerintah,Kawasan Pegunungan,3.7278,98.6738,"3.7278, 98.6738",3.7278,98.6738,"3.7278, 98.6738",3.7278,98.6738,"3.7278, 98.6738",3.3285,99.1625,"3.3285, 99.1625",3.7278,98.6738,"3.7278, 98.6738",0.0,0.0,0.0,69985.63530754033,0.0,13997.127061508067,1 - 2 Tahun,Sangat Tinggi,Rendah,Tinggi,Rendah,Sedang,Sedang,Tidak stabil,Sangat Sesuai,58.0,Good
2023-04-06 09:06:13.227648,3173024410510009,Dr. Galak Permata,72,P,Kawin,Vice Mayor,Supervisor,Perdagangan Eceran Kaki Lima Dan Los Pasar Komoditi Hasil Kehutanan Dan Perburuan,47816,D4,-7.57897,112.23109,"-7.57897, 112.23109","Balongbesuk, Jombang, Jawa Timur, Jawa, 61471, Indonesia",Jalan Kecil,Rumah,Perorangan Pribadi,Kawasan Pegunungan,3.3285,99.1625,"3.3285, 99.1625","Rumah Sakit Umum Herna, Jalan Veteran, Tebing Tinggi, Kota Tebing Tinggi, Sumatera Utara, 20600, Indonesia",Jalan Besar,Apartemen,Perusahaan,Kawasan Pegunungan,-8.43333,114.33333,"-8.43333, 114.33333",-8.43333,114.33333,"-8.43333, 114.33333",3.3285,99.1625,"3.3285, 99.1625",-8.43333,114.33333,"-8.43333, 114.33333",3.31332,117.59152,"3.31332, 117.59152",2127920.8112030486,2127920.8112030486,0.0,2127920.8112030486,2048057.8589369548,1686364.0585092201,1 - 2 Tahun,Sangat Rendah,Rendah,Sedang,Sangat Tinggi,Sangat Tinggi,Tinggi,Stabil,Tidak Sesuai,38.5,Fair
2023-04-06 09:06:19.489859,3311034809850003,Kamal Purwanti,38,P,Cerai Mati,Pharmacist,Direktur,"Perdagangan Eceran Kaki Lima Dan Los Pasar Tahu, Tempe, Tauco Dan Oncom",47824,D4,-1.6,103.61667,"-1.6, 103.61667","Jalan Haji Abdulrahman Saleh, Sungai Asam, Jambi, Danau Sipin, Jambi, 36134, Indonesia",Jalan Sedang,Rumah,Lainnya,Kawasan Industri,-7.57897,112.23109,"-7.57897, 112.23109","Balongbesuk, Jombang, Jawa Timur, Jawa, 61471, Indonesia",Jalan Sedang,Perumahan,Lainnya,Kawasan Komersial,3.7278,98.6738,"3.7278, 98.6738",3.7278,98.6738,"3.7278, 98.6738",3.7278,98.6738,"3.7278, 98.6738",-7.57897,112.23109,"-7.57897, 112.23109",-6.91806,106.92667,"-6.91806, 106.92667",1957281.3498259494,1957281.3498259494,1957281.3498259494,0.0,590333.1319645152,1292435.4362884727,1 - 2 Tahun,Sangat Rendah,Sangat Tinggi,Tinggi,Sangat Rendah,Sedang,Tinggi,Stabil,Tidak Sesuai,36.75,Fair
2023-04-06 09:06:21.943821,1306065907870008,"Aisyah Haryanti, S.Pd",36,P,Kawin,Notary,Staff,Pertanian Buah Jeruk,1230,SMA/SMK,0.51667,101.44167,"0.51667, 101.44167","Jalan Durian, RT. 01, Kelurahan Jadirejo, Kabupaten Kampar, Riau, 28121, Indonesia",Jalan Kecil,Rumah,Lainnya,Kawasan Industri,0.51667,101.44167,"0.51667, 101.44167","Jalan Durian, RT. 01, Kelurahan Jadirejo, Kabupaten Kampar, Riau, 28121, Indonesia",Jalan Kecil,Rumah,Lainnya,Kawasan Industri,0.51667,101.44167,"0.51667, 101.44167",-7.01833,107.60389,"-7.01833, 107.60389",3.31332,117.59152,"3.31332, 117.59152",0.51667,101.44167,"0.51667, 101.44167",0.51667,101.44167,"0.51667, 101.44167",0.0,1078252.259353691,1823030.8529897402,0.0,0.0,580256.6224686863,> 5 Tahun,Tinggi,Rendah,Rendah,Rendah,Sangat Rendah,Sedang,Stabil,Sangat Sesuai,77.25,Very Good
2023-04-06 09:06:27.693501,1208061103520001,Ganep Firgantoro,71,L,Cerai Hidup,Doctor,Staff,Perdagangan Besar Rokok Dan Tembakau,46335,S3,0.51667,101.44167,"0.51667, 101.44167","Jalan Durian, RT. 01, Kelurahan Jadirejo, Kabupaten Kampar, Riau, 28121, Indonesia",Jalan Sedang,Rumah Susun,Pemerintah,Kawasan Komersial,-1.26753,116.82887,"-1.26753, 116.82887","Telaga Sari, Balikpapan, Kalimantan Timur, 76112, Indonesia",Jalan Kecil,Asrama,Perusahaan,Kawasan Perumahan,-1.26753,116.82887,"-1.26753, 116.82887",-1.26753,116.82887,"-1.26753, 116.82887",-1.26753,116.82887,"-1.26753, 116.82887",-1.26753,116.82887,"-1.26753, 116.82887",-7.0981,109.3243,"-7.0981, 109.3243",0.0,0.0,0.0,0.0,1053236.3006013152,210647.26012026303,> 5 Tahun,Sangat Tinggi,Sedang,Sedang,Rendah,Tinggi,Tinggi,Tidak stabil,Sangat Sesuai,63.25,Good
2023-04-06 09:06:34.047864,9110096102760008,Qori Pranowo,47,P,Cerai Hidup,Vice President,Manager,Perkebunan Karet Dan Tanaman Penghasil Getah Lainnya,1291,D3,-6.91806,106.92667,"-6.91806, 106.92667","Cikole, Sukabumi, Jawa Barat, 43111, Indonesia",Jalan Kecil,Apartemen,Perorangan Pribadi,Kawasan Perumahan,-6.91806,106.92667,"-6.91806, 106.92667","Cikole, Sukabumi, Jawa Barat, 43111, Indonesia",Jalan Kecil,Apartemen,Perorangan Pribadi,Kawasan Perumahan,-6.91806,106.92667,"-6.91806, 106.92667",-6.91806,106.92667,"-6.91806, 106.92667",-6.91806,106.92667,"-6.91806, 106.92667",-6.48167,106.85417,"-6.48167, 106.85417",-6.91806,106.92667,"-6.91806, 106.92667",0.0,0.0,0.0,48921.288108026514,0.0,9784.257621605302,< 1 Tahun,Sangat Rendah,Sedang,Sedang,Tinggi,Tinggi,Rendah,Stabil,Sangat Sesuai,73.75,Very Good
2023-04-06 09:06:36.673153,3315072609740006,Luis Rajata,49,L,Cerai Mati,Translator,Direktur,Pendidikan Menengah Umum/madrasah Aliyah Swasta,85220,S3,-6.8048,110.8405,"-6.8048, 110.8405","Demaan, Kudus, Jawa Tengah, 59318, Indonesia",Jalan Besar,Rumah,Pemerintah,Kawasan Komersial,-6.8048,110.8405,"-6.8048, 110.8405","Demaan, Kudus, Jawa Tengah, 59318, Indonesia",Jalan Besar,Rumah,Pemerintah,Kawasan Komersial,3.7278,98.6738,"3.7278, 98.6738",-1.26753,116.82887,"-1.26753, 116.82887",3.7278,98.6738,"3.7278, 98.6738",-6.8048,110.8405,"-6.8048, 110.8405",3.7278,98.6738,"3.7278, 98.6738",1784483.1834727533,903758.0613862566,1784483.1834727533,0.0,1784483.1834727533,1251441.5223609034,3 - 4 Tahun,Sedang,Sangat Rendah,Sedang,Sangat Tinggi,Sangat Tinggi,Tinggi,Tidak stabil,Tidak Sesuai,31.499999999999996,Fair
2023-04-06 09:06:39.323364,3205027106860001,Ir. Cager Uwais,37,P,Belum Kawin,Vice President,Supervisor,Instalasi Pemanas Dan Geotermal,43222,SMA/SMK,-6.91806,106.92667,"-6.91806, 106.92667","Cikole, Sukabumi, Jawa Barat, 43111, Indonesia",Jalan Sedang,Rumah,Lainnya,Kawasan Pegunungan,-6.91806,106.92667,"-6.91806, 106.92667","Cikole, Sukabumi, Jawa Barat, 43111, Indonesia",Jalan Sedang,Rumah,Lainnya,Kawasan Pegunungan,3.31332,117.59152,"3.31332, 117.59152",-7.0981,109.3243,"-7.0981, 109.3243",-3.5403,118.9707,"-3.5403, 118.9707",3.31332,117.59152,"3.31332, 117.59152",-7.51611,109.05389,"-7.51611, 109.05389",1638392.930092044,265668.8714989456,1386246.3695886715,1638392.930092044,244068.35408390564,1034553.8910711221,< 1 Tahun,Sedang,Rendah,Sedang,Tinggi,Tinggi,Sedang,Tidak stabil,Tidak Sesuai,33.25,Fair
2023-04-06 09:06:40.999680,1810086008880005,Ade Adriansyah,35,P,Kawin,Entrepreneur,Manager,Aktivitas Sosial Pemerintah Di Luar Panti Untuk Lanjut Usia Dan Penyandang Disabilitas,88101,S3,-7.51611,109.05389,"-7.51611, 109.05389","Wangon, Banyumas, Jawa Tengah, Indonesia",Jalan Kecil,Apartemen,Perorangan Pribadi,Kawasan Wisata,-7.51611,109.05389,"-7.51611, 109.05389","Wangon, Banyumas, Jawa Tengah, Indonesia",Jalan Kecil,Apartemen,Perorangan Pribadi,Kawasan Wisata,-7.51611,109.05389,"-7.51611, 109.05389",-7.51611,109.05389,"-7.51611, 109.05389",-7.51611,109.05389,"-7.51611, 109.05389",-7.51611,109.05389,"-7.51611, 109.05389",-7.51611,109.05389,"-7.51611, 109.05389",0.0,0.0,0.0,0.0,0.0,0.0,> 5 Tahun,Tinggi,Tinggi,Tinggi,Tinggi,Sangat Tinggi,Sangat Tinggi,Stabil,Sangat Sesuai,73.75,Very Good
2023-04-06 09:06:42.628424,9102675209660007,Vanya Prakasa,57,P,Belum Kawin,Islamic preacher,Supervisor,Reparasi Peralatan Lainnya,33190,S2,0.51667,101.44167,"0.51667, 101.44167","Jalan Durian, RT. 01, Kelurahan Jadirejo, Kabupaten Kampar, Riau, 28121, Indonesia",Jalan Sedang,Perumahan,Pemerintah,Kawasan Industri,-1.26424,104.09701,"-1.26424, 104.09701","Kelurahan Simpang, Tanjung Jabung Timur, Jambi, Indonesia",Jalan Besar,Rumah,Perusahaan,Kawasan Pertanian,-1.6,103.61667,"-1.6, 103.61667",-3.5403,118.9707,"-3.5403, 118.9707",-1.26424,104.09701,"-1.26424, 104.09701",-6.48167,106.85417,"-6.48167, 106.85417",-1.6,103.61667,"-1.6, 103.61667",65082.83876685663,1673205.8877423822,0.0,653127.3902842746,65082.83876685663,491299.791112074,> 5 Tahun,Tinggi,Rendah,Tinggi,Sangat Tinggi,Sangat Tinggi,Rendah,Stabil,Tidak Sesuai,40.24999999999999,Fair
2023-04-06 09:06:48.983030,3578065103560003,"Laila Handayani, S.H.",67,P,Cerai Hidup,Psychiatrist/Psychologist,Direktur,Aktivitas Penyewaan Dan Sewa Guna Usaha Tanpa Hak Opsi Alat Transportasi Darat Bukan Kendaraan Bermotor Roda Empat Atau Lebih,77302,SMA/SMK,-7.0981,109.3243,"-7.0981, 109.3243","SMA ALFALAH, Jembatan Comal, Sikasur, Pemalang, Jawa Tengah, Indonesia",Jalan Kecil,Rumah Susun,Lainnya,Kawasan Komersial,-7.73379,113.69785,"-7.73379, 113.69785","Besuki, Situbondo, Jawa Timur, Indonesia",Jalan Sedang,Rumah Susun,Lainnya,Kawasan Pegunungan,-7.73379,113.69785,"-7.73379, 113.69785",-7.73379,113.69785,"-7.73379, 113.69785",-7.81667,112.01667,"-7.81667, 112.01667",-8.43333,114.33333,"-8.43333, 114.33333",-7.73379,113.69785,"-7.73379, 113.69785",0.0,0.0,185665.1601531995,104362.54443171697,0.0,58005.54091698329,> 5 Tahun,Sedang,Sedang,Sedang,Sangat Rendah,Sangat Rendah,Tinggi,Stabil,Sangat Sesuai,70.25,Very Good
2023-04-06 09:06:52.455603,6111066311920008,Satya Waluyo,31,P,Cerai Hidup,Retiree,Direktur,Taman Laut,91036,D4,3.7278,98.6738,"3.7278, 98.6738","Labuhan Deli, Medan Marelan, Kota Medan, Sumatera Utara, 20253, Indonesia",Jalan Besar,Rumah Susun,Perorangan Pribadi,Kawasan Pegunungan,3.7278,98.6738,"3.7278, 98.6738","Labuhan Deli, Medan Marelan, Kota Medan, Sumatera Utara, 20253, Indonesia",Jalan Besar,Rumah Susun,Perorangan Pribadi,Kawasan Pegunungan,3.7278,98.6738,"3.7278, 98.6738",-6.8048,110.8405,"-6.8048, 110.8405",-1.26753,116.82887,"-1.26753, 116.82887",3.31332,117.59152,"3.31332, 117.59152",3.7278,98.6738,"3.7278, 98.6738",0.0,1784483.1834727533,2094071.1576210142,2102421.8874907177,0.0,1196195.245716897,1 - 2 Tahun,Rendah,Rendah,Tinggi,Sangat Rendah,Tinggi,Rendah,Tidak stabil,Sangat Sesuai,59.75,Good
2023-04-06 09:06:54.208145,9203164801820002,Raden Halimah,41,P,Cerai Mati,Psychiatrist/Psychologist,Direktur,Angkutan Laut Luar Negeri Liner Untuk Barang,50141,S1,-7.57897,112.23109,"-7.57897, 112.23109","Balongbesuk, Jombang, Jawa Timur, Jawa, 61471, Indonesia",Jalan Kecil,Perumahan,Perorangan Pribadi,Kawasan Perumahan,-7.57897,112.23109,"-7.57897, 112.23109","Balongbesuk, Jombang, Jawa Timur, Jawa, 61471, Indonesia",Jalan Kecil,Perumahan,Perorangan Pribadi,Kawasan Perumahan,-7.57897,112.23109,"-7.57897, 112.23109",-7.57897,112.23109,"-7.57897, 112.23109",-7.57897,112.23109,"-7.57897, 112.23109",-7.57897,112.23109,"-7.57897, 112.23109",3.3285,99.1625,"3.3285, 99.1625",0.0,0.0,0.0,0.0,1887299.7785089025,377459.9557017805,> 5 Tahun,Sedang,Sedang,Sangat Tinggi,Sangat Rendah,Sangat Tinggi,Sedang,Tidak stabil,Sangat Sesuai,63.25,Good
2023-04-06 09:06:59.932977,3276052509780009,Hairyanto Damanik,45,L,Belum Kawin,Member of the Provincial House of Representatives,Supervisor,Pembibitan Dan Budidaya Sapi Perah,1412,S3,0.51667,101.44167,"0.51667, 101.44167","Jalan Durian, RT. 01, Kelurahan Jadirejo, Kabupaten Kampar, Riau, 28121, Indonesia",Jalan Kecil,Rumah,Pemerintah,Kawasan Industri,0.51667,101.44167,"0.51667, 101.44167","Jalan Durian, RT. 01, Kelurahan Jadirejo, Kabupaten Kampar, Riau, 28121, Indonesia",Jalan Kecil,Rumah,Pemerintah,Kawasan Industri,0.51667,101.44167,"0.51667, 101.44167",-1.26424,104.09701,"-1.26424, 104.09701",0.51667,101.44167,"0.51667, 101.44167",0.51667,101.44167,"0.51667, 101.44167",-1.6,103.61667,"-1.6, 103.61667",0.0,355164.90791429323,0.0,0.0,336733.5585898391,138379.69330082648,3 - 4 Tahun,Sedang,Tinggi,Rendah,Sangat Rendah,Sedang,Tinggi,Stabil,Sangat Sesuai,66.75,Good
2023-04-06 09:07:01.598132,3302132910920001,Kacung Wacana,31,L,Belum Kawin,Farmer/gardener,Direktur,Aktivitas Yang Menghasilkan Jasa Oleh Rumah Tangga Yang Digunakan Untuk Memenuhi Kebutuhan Sendiri,98200,S2,0.51667,101.44167,"0.51667, 101.44167","Jalan Durian, RT. 01, Kelurahan Jadirejo, Kabupaten Kampar, Riau, 28121, Indonesia",Jalan Besar,Rumah,Pemerintah,Kawasan Pertanian,-6.8048,110.8405,"-6.8048, 110.8405","Demaan, Kudus, Jawa Tengah, 59318, Indonesia",Jalan Sedang,Rumah,Perusahaan,Kawasan Industri,-7.54972,110.71639,"-7.54972, 110.71639",-6.8048,110.8405,"-6.8048, 110.8405",-7.54972,110.71639,"-7.54972, 110.71639",-7.54972,110.71639,"-7.54972, 110.71639",-7.54972,110.71639,"-7.54972, 110.71639",83514.63968003677,0.0,83514.63968003677,83514.63968003677,83514.63968003677,66811.71174402941,3 - 4 Tahun,Sedang,Tinggi,Sedang,Rendah,Tinggi,Tinggi,Tidak stabil,Tidak Sesuai,35.0,Fair
2023-04-06 09:07:06.236257,3208316811590003,"R.A. Shania Melani, S.Pd",64,P,Cerai Hidup,Member of the Indonesian House of Representatives,Staff,Portal Web Dan/atau Platform Digital Dengan Tujuan Komersial,63122,SMA/SMK,-6.8048,110.8405,"-6.8048, 110.8405","Demaan, Kudus, Jawa Tengah, 59318, Indonesia",Jalan Kecil,Apartemen,Pemerintah,Kawasan Industri,-7.01833,107.60389,"-7.01833, 107.60389","Rancamulya, Bandung, Jawa Barat, 40288, Indonesia",Jalan Kecil,Rumah,Perorangan Orang Lain,Kawasan Industri,-6.8048,110.8405,"-6.8048, 110.8405",-6.8048,110.8405,"-6.8048, 110.8405",-6.48167,106.85417,"-6.48167, 106.85417",-6.8048,110.8405,"-6.8048, 110.8405",-8.43333,114.33333,"-8.43333, 114.33333",358474.5922456358,358474.5922456358,101941.04018682023,358474.5922456358,758650.8322835865,387203.1298414628,3 - 4 Tahun,Sedang,Rendah,Rendah,Rendah,Sangat Rendah,Sangat Tinggi,Stabil,Tidak Sesuai,38.5,Fair
2023-04-06 09:07:10.539348,1505044806740002,Almira Mansur,49,P,Cerai Hidup,Construction,Supervisor,Industri Motor Pembakaran Dalam,28112,S3,-7.73379,113.69785,"-7.73379, 113.69785","Besuki, Situbondo, Jawa Timur, Indonesia",Jalan Besar,Rumah Susun,Perorangan Orang Lain,Kawasan Perumahan,-7.73379,113.69785,"-7.73379, 113.69785","Besuki, Situbondo, Jawa Timur, Indonesia",Jalan Besar,Rumah Susun,Perorangan Orang Lain,Kawasan Perumahan,-6.8048,110.8405,"-6.8048, 110.8405",-6.8048,110.8405,"-6.8048, 110.8405",-7.0981,109.3243,"-7.0981, 109.3243",-7.51611,109.05389,"-7.51611, 109.05389",3.3285,99.1625,"3.3285, 99.1625",331839.69979370374,331839.69979370374,487902.8683838137,512984.8042214701,2025470.4136954313,738007.4971776245,3 - 4 Tahun,Sedang,Tinggi,Sedang,Sedang,Sedang,Rendah,Stabil,Tidak Sesuai,42.0,Fair
2023-04-06 09:07:14.209436,1403026105900002,Cawuk Zulaika,33,P,Belum Kawin,Domestic helper,Supervisor,Aktivitas Pialang Reasuransi,66225,D4,-7.0981,109.3243,"-7.0981, 109.3243","SMA ALFALAH, Jembatan Comal, Sikasur, Pemalang, Jawa Tengah, Indonesia",Jalan Sedang,Apartemen,Lainnya,Kawasan Komersial,-7.0981,109.3243,"-7.0981, 109.3243","SMA ALFALAH, Jembatan Comal, Sikasur, Pemalang, Jawa Tengah, Indonesia",Jalan Sedang,Apartemen,Lainnya,Kawasan Komersial,-7.0981,109.3243,"-7.0981, 109.3243",-7.0981,109.3243,"-7.0981, 109.3243",-7.0981,109.3243,"-7.0981, 109.3243",-7.0981,109.3243,"-7.0981, 109.3243",-7.01833,107.60389,"-7.01833, 107.60389",0.0,0.0,0.0,0.0,190277.9238384314,38055.584767686276,< 1 Tahun,Sangat Rendah,Sangat Tinggi,Sedang,Rendah,Sedang,Tinggi,Stabil,Sangat Sesuai,66.75,Good
2023-04-06 09:07:17.900463,1208296502790005,R. Nardi Nasyiah,44,P,Kawin,Daily laborer,Direktur,Perdagangan Besar Suku Cadang Sepeda Motor Dan Aksesorinya,45405,D4,-7.57897,112.23109,"-7.57897, 112.23109","Balongbesuk, Jombang, Jawa Timur, Jawa, 61471, Indonesia",Jalan Sedang,Apartemen,Lainnya,Kawasan Komersial,-7.0981,109.3243,"-7.0981, 109.3243","SMA ALFALAH, Jembatan Comal, Sikasur, Pemalang, Jawa Tengah, Indonesia",Jalan Kecil,Perumahan,Pemerintah,Kawasan Wisata,-7.0981,109.3243,"-7.0981, 109.3243",-7.0981,109.3243,"-7.0981, 109.3243",-7.0981,109.3243,"-7.0981, 109.3243",-7.54972,110.71639,"-7.54972, 110.71639",-7.0981,109.3243,"-7.0981, 109.3243",0.0,0.0,0.0,161621.26630627297,0.0,32324.253261254595,1 - 2 Tahun,Sedang,Rendah,Tinggi,Tinggi,Rendah,Tinggi,Tidak stabil,Sangat Sesuai,65.0,Good
2023-04-06 09:07:24.629536,1214171809620007,"R.M. Lasmanto Sudiati, M.Farm",61,L,Belum Kawin,Household caregiver,Direktur,Industri Komputer Dan/atau Perakitan Komputer,26210,SMA/SMK,3.31332,117.59152,"3.31332, 117.59152","Karang Balik, Tarakan, Kalimantan Utara, 77112, Indonesia",Jalan Besar,Apartemen,Perorangan Orang Lain,Kawasan Wisata,3.31332,117.59152,"3.31332, 117.59152","Karang Balik, Tarakan, Kalimantan Utara, 77112, Indonesia",Jalan Besar,Apartemen,Perorangan Orang Lain,Kawasan Wisata,3.31332,117.59152,"3.31332, 117.59152",-1.26753,116.82887,"-1.26753, 116.82887",3.31332,117.59152,"3.31332, 117.59152",3.7278,98.6738,"3.7278, 98.6738",3.31332,117.59152,"3.31332, 117.59152",0.0,513588.0258616638,0.0,2102421.8874907177,0.0,523201.9826704763,1 - 2 Tahun,Sedang,Tinggi,Sangat Tinggi,Sangat Tinggi,Rendah,Tinggi,Stabil,Sangat Sesuai,70.25,Very Good
2023-04-06 09:07:30.356569,7503080711720009,Langgeng Irawan,51,L,Cerai Hidup,Member of the Regional Representative Council,Direktur,Industri Perlengkapan Rumah Tangga Dari Tanah Liat/keramik,23932,D3,-7.57897,112.23109,"-7.57897, 112.23109","Balongbesuk, Jombang, Jawa Timur, Jawa, 61471, Indonesia",Jalan Sedang,Perumahan,Pemerintah,Kawasan Wisata,-7.57897,112.23109,"-7.57897, 112.23109","Balongbesuk, Jombang, Jawa Timur, Jawa, 61471, Indonesia",Jalan Sedang,Perumahan,Pemerintah,Kawasan Wisata,-7.81667,112.01667,"-7.81667, 112.01667",-7.57897,112.23109,"-7.57897, 112.23109",-6.48167,106.85417,"-6.48167, 106.85417",-7.81667,112.01667,"-7.81667, 112.01667",-7.57897,112.23109,"-7.57897, 112.23109",35364.54240478568,0.0,606340.4347075241,35364.54240478568,0.0,135413.9039034191,> 5 Tahun,Sangat Rendah,Sedang,Sedang,Rendah,Rendah,Sedang,Stabil,Tidak Sesuai,42.0,Fair
2023-04-06 09:07:32.121601,3307135904540007,"Cut Eka Laksmiwati, M.TI.",69,P,Cerai Hidup,Radio broadcaster,Manager,Industri Komponen Dan Suku Cadang Mesin Dan Turbin,28113,D3,-7.54972,110.71639,"-7.54972, 110.71639","Kertonatan, Sukoharjo, Jawa Tengah, 57165, Indonesia",Jalan Besar,Rumah,Perorangan Orang Lain,Kawasan Wisata,-6.8048,110.8405,"-6.8048, 110.8405","Demaan, Kudus, Jawa Tengah, 59318, Indonesia",Jalan Kecil,Perumahan,Perorangan Orang Lain,Kawasan Pegunungan,-6.8048,110.8405,"-6.8048, 110.8405",-6.8048,110.8405,"-6.8048, 110.8405",-6.8048,110.8405,"-6.8048, 110.8405",-6.8048,110.8405,"-6.8048, 110.8405",-6.8048,110.8405,"-6.8048, 110.8405",0.0,0.0,0.0,0.0,0.0,0.0,> 5 Tahun,Rendah,Rendah,Tinggi,Sangat Rendah,Tinggi,Tinggi,Stabil,Sangat Sesuai,66.75,Good
2023-04-06 09:07:38.442788,3524100902750008,"Hendra Safitri, M.Farm",48,L,Kawin,Private employee,Staff,Industri Penyempurnaan Kain,13132,D3,-6.91806,106.92667,"-6.91806, 106.92667","Cikole, Sukabumi, Jawa Barat, 43111, Indonesia",Jalan Sedang,Rumah Susun,Perorangan Pribadi,Kawasan Wisata,-7.01833,107.60389,"-7.01833, 107.60389","Rancamulya, Bandung, Jawa Barat, 40288, Indonesia",Jalan Sedang,Rumah Susun,Perusahaan,Kawasan Pertanian,-6.91806,106.92667,"-6.91806, 106.92667",-7.01833,107.60389,"-7.01833, 107.60389",-6.8048,110.8405,"-6.8048, 110.8405",3.31332,117.59152,"3.31332, 117.59152",-7.01833,107.60389,"-7.01833, 107.60389",75651.72721936027,0.0,358474.5922456358,1592709.7164027442,0.0,405367.20717354806,< 1 Tahun,Sedang,Sangat Tinggi,Tinggi,Sedang,Sangat Tinggi,Sangat Tinggi,Tidak stabil,Tidak Sesuai,31.499999999999996,Fair
2023-04-06 09:07:43.993422,6106204303840004,Kamila Nababan,39,P,Belum Kawin,Member of the Supreme Audit Agency,Direktur,Industri Mesin Tekstil,28263,S3,0.51667,101.44167,"0.51667, 101.44167","Jalan Durian, RT. 01, Kelurahan Jadirejo, Kabupaten Kampar, Riau, 28121, Indonesia",Jalan Besar,Perumahan,Perorangan Pribadi,Kawasan Perumahan,0.51667,101.44167,"0.51667, 101.44167","Jalan Durian, RT. 01, Kelurahan Jadirejo, Kabupaten Kampar, Riau, 28121, Indonesia",Jalan Besar,Perumahan,Perorangan Pribadi,Kawasan Perumahan,-6.91806,106.92667,"-6.91806, 106.92667",-6.91806,106.92667,"-6.91806, 106.92667",0.51667,101.44167,"0.51667, 101.44167",0.51667,101.44167,"0.51667, 101.44167",0.51667,101.44167,"0.51667, 101.44167",1023245.5501393221,1023245.5501393221,0.0,0.0,0.0,409298.2200557288,> 5 Tahun,Rendah,Sedang,Sangat Tinggi,Tinggi,Sangat Tinggi,Rendah,Stabil,Tidak Sesuai,40.24999999999999,Fair
2023-04-06 09:07:45.818730,5311032103540005,Intan Firgantoro,69,L,Cerai Hidup,Paranormal,Manager,Industri Peralatan Elektrotermal Rumah Tangga,27520,D4,3.31332,117.59152,"3.31332, 117.59152","Karang Balik, Tarakan, Kalimantan Utara, 77112, Indonesia",Jalan Besar,Apartemen,Pemerintah,Kawasan Wisata,3.31332,117.59152,"3.31332, 117.59152","Karang Balik, Tarakan, Kalimantan Utara, 77112, Indonesia",Jalan Besar,Apartemen,Pemerintah,Kawasan Wisata,3.31332,117.59152,"3.31332, 117.59152",3.31332,117.59152,"3.31332, 117.59152",3.31332,117.59152,"3.31332, 117.59152",-8.43333,114.33333,"-8.43333, 114.33333",3.31332,117.59152,"3.31332, 117.59152",0.0,0.0,0.0,1348368.8184015446,0.0,269673.76368030894,> 5 Tahun,Sangat Tinggi,Rendah,Sangat Tinggi,Sedang,Sangat Tinggi,Sedang,Tidak stabil,Sangat Sesuai,61.5,Good
2023-04-06 09:07:51.656602,1803166410870004,Bancar Pradipta,36,P,Cerai Mati,Construction,Manager,Aktivitas Telekomunikasi Satelit,61300,S2,-3.5403,118.9707,"-3.5403, 118.9707","Labuang, Majene, Sulawesi Barat, 91412, Indonesia",Jalan Besar,Apartemen,Lainnya,Kawasan Wisata,3.31332,117.59152,"3.31332, 117.59152","Karang Balik, Tarakan, Kalimantan Utara, 77112, Indonesia",Jalan Besar,Rumah Susun,Lainnya,Kawasan Pegunungan,3.31332,117.59152,"3.31332, 117.59152",3.31332,117.59152,"3.31332, 117.59152",3.31332,117.59152,"3.31332, 117.59152",3.31332,117.59152,"3.31332, 117.59152",3.31332,117.59152,"3.31332, 117.59152",0.0,0.0,0.0,0.0,0.0,0.0,> 5 Tahun,Sedang,Sangat Rendah,Tinggi,Tinggi,Sedang,Sedang,Stabil,Sangat Sesuai,72.0,Very Good
2023-04-06 09:07:57.294339,3326122007710004,"Paramita Mandala, M.Pd",52,L,Belum Kawin,Member of the Indonesian House of Representatives,Manager,Pengumpulan Sampah Berbahaya,38120,S3,-6.91806,106.92667,"-6.91806, 106.92667","Cikole, Sukabumi, Jawa Barat, 43111, Indonesia",Jalan Besar,Apartemen,Perorangan Pribadi,Kawasan Industri,0.51667,101.44167,"0.51667, 101.44167","Jalan Durian, RT. 01, Kelurahan Jadirejo, Kabupaten Kampar, Riau, 28121, Indonesia",Jalan Besar,Rumah Susun,Perorangan Pribadi,Kawasan Pertanian,-3.5403,118.9707,"-3.5403, 118.9707",0.51667,101.44167,"0.51667, 101.44167",3.7278,98.6738,"3.7278, 98.6738",-3.5403,118.9707,"-3.5403, 118.9707",-7.73379,113.69785,"-7.73379, 113.69785",2001165.8987505343,0.0,469957.66918020777,2001165.8987505343,1638060.85284721,1222070.0639056973,1 - 2 Tahun,Sangat Rendah,Sangat Tinggi,Sangat Tinggi,Sangat Rendah,Rendah,Sangat Tinggi,Tidak stabil,Tidak Sesuai,31.499999999999996,Fair
2023-04-06 09:08:01.629437,5171042603540007,"Kania Natsir, S.Pt",69,L,Cerai Hidup,Regional-owned enterprise employee,Manager,Industri Pengolahan Gula Lainnya Bukan Sirop,10729,D3,-6.91806,106.92667,"-6.91806, 106.92667","Cikole, Sukabumi, Jawa Barat, 43111, Indonesia",Jalan Sedang,Rumah,Pemerintah,Kawasan Komersial,3.7278,98.6738,"3.7278, 98.6738","Labuhan Deli, Medan Marelan, Kota Medan, Sumatera Utara, 20253, Indonesia",Jalan Kecil,Perumahan,Lainnya,Kawasan Komersial,-7.51611,109.05389,"-7.51611, 109.05389",-1.26424,104.09701,"-1.26424, 104.09701",-6.48167,106.85417,"-6.48167, 106.85417",-7.51611,109.05389,"-7.51611, 109.05389",3.7278,98.6738,"3.7278, 98.6738",1695690.6916387957,817782.8499721017,1449518.2570435912,1695690.6916387957,0.0,1131736.498058657,3 - 4 Tahun,Rendah,Sangat Tinggi,Tinggi,Rendah,Sangat Rendah,Rendah,Stabil,Tidak Sesuai,49.0,Fair
2023-04-06 09:08:03.940360,7110020603990000,Yusuf Rajata,24,L,Kawin,Psychiatrist/Psychologist,Supervisor,Aktivitas Jalan Tol,52213,S3,-8.43333,114.33333,"-8.43333, 114.33333","Kedungrejo, Banyuwangi, Jawa Timur, Indonesia",Jalan Sedang,Rumah,Perorangan Orang Lain,Kawasan Industri,-3.5403,118.9707,"-3.5403, 118.9707","Labuang, Majene, Sulawesi Barat, 91412, Indonesia",Jalan Kecil,Rumah,Perusahaan,Kawasan Komersial,-3.5403,118.9707,"-3.5403, 118.9707",-3.5403,118.9707,"-3.5403, 118.9707",-3.5403,118.9707,"-3.5403, 118.9707",-3.5403,118.9707,"-3.5403, 118.9707",-3.5403,118.9707,"-3.5403, 118.9707",0.0,0.0,0.0,0.0,0.0,0.0,< 1 Tahun,Tinggi,Tinggi,Sangat Tinggi,Sangat Tinggi,Tinggi,Tinggi,Stabil,Sangat Sesuai,68.5,Good
2023-04-06 09:08:08.393013,7202276804890003,"Prayogo Gunarto, S.H.",34,P,Cerai Mati,Not working,Manager,Industri Pemindangan Biota Air Lainnya,10294,D4,-7.81667,112.01667,"-7.81667, 112.01667","Kota, Kediri, Jawa Timur, Jawa, 64123, Indonesia",Jalan Kecil,Apartemen,Perorangan Orang Lain,Kawasan Wisata,-6.8048,110.8405,"-6.8048, 110.8405","Demaan, Kudus, Jawa Tengah, 59318, Indonesia",Jalan Sedang,Apartemen,Perusahaan,Kawasan Wisata,-7.57897,112.23109,"-7.57897, 112.23109",-7.0981,109.3243,"-7.0981, 109.3243",-7.57897,112.23109,"-7.57897, 112.23109",-6.8048,110.8405,"-6.8048, 110.8405",-1.26424,104.09701,"-1.26424, 104.09701",175840.00509587603,170660.66150548658,175840.00509587603,0.0,967307.2834444531,297929.5910283384,< 1 Tahun,Sedang,Sangat Tinggi,Rendah,Sangat Rendah,Sangat Rendah,Rendah,Stabil,Tidak Sesuai,43.75,Fair
2023-04-06 09:08:12.720381,3201021201760001,Enteng Yolanda,47,L,Belum Kawin,Member of the Cabinet/Ministry,Staff,Aktivitas Penerbitan Lainnya,58190,SMA/SMK,-8.43333,114.33333,"-8.43333, 114.33333","Kedungrejo, Banyuwangi, Jawa Timur, Indonesia",Jalan Kecil,Rumah Susun,Perorangan Orang Lain,Kawasan Industri,-8.43333,114.33333,"-8.43333, 114.33333","Kedungrejo, Banyuwangi, Jawa Timur, Indonesia",Jalan Kecil,Rumah Susun,Perorangan Orang Lain,Kawasan Industri,-3.5403,118.9707,"-3.5403, 118.9707",-8.43333,114.33333,"-8.43333, 114.33333",-3.5403,118.9707,"-3.5403, 118.9707",-6.91806,106.92667,"-6.91806, 106.92667",-6.48167,106.85417,"-6.48167, 106.85417",745816.6131074248,0.0,745816.6131074248,834138.60438535,853278.8142006674,635810.1289601733,3 - 4 Tahun,Tinggi,Sangat Tinggi,Rendah,Sangat Rendah,Sedang,Rendah,Stabil,Tidak Sesuai,42.0,Fair
2023-04-06 09:08:15.586162,3329041007540003,Banawa Januar,69,L,Cerai Hidup,Hair stylist,Staff,Aktivitas Telekomunikasi Khusus Untuk Penyiaran,61991,S1,3.3285,99.1625,"3.3285, 99.1625","Rumah Sakit Umum Herna, Jalan Veteran, Tebing Tinggi, Kota Tebing Tinggi, Sumatera Utara, 20600, Indonesia",Jalan Kecil,Rumah Susun,Perorangan Pribadi,Kawasan Wisata,3.3285,99.1625,"3.3285, 99.1625","Rumah Sakit Umum Herna, Jalan Veteran, Tebing Tinggi, Kota Tebing Tinggi, Sumatera Utara, 20600, Indonesia",Jalan Kecil,Rumah Susun,Perorangan Pribadi,Kawasan Wisata,0.51667,101.44167,"0.51667, 101.44167",3.3285,99.1625,"3.3285, 99.1625",3.3285,99.1625,"3.3285, 99.1625",3.3285,99.1625,"3.3285, 99.1625",-1.6,103.61667,"-1.6, 103.61667",401196.16503637866,0.0,0.0,0.0,736640.5052630174,227567.33405987918,< 1 Tahun,Sangat Tinggi,Rendah,Sedang,Rendah,Sangat Tinggi,Sangat Tinggi,Tidak stabil,Tidak Sesuai,22.75,Poor
2023-04-06 09:08:21.343486,1205160201500009,Kasiyah Mulyani,73,L,Kawin,Member of the Constitutional Court,Direktur,Konstruksi Jalan Rel Dan Jembatan Rel,42114,S3,-7.57897,112.23109,"-7.57897, 112.23109","Balongbesuk, Jombang, Jawa Timur, Jawa, 61471, Indonesia",Jalan Kecil,Apartemen,Perorangan Orang Lain,Kawasan Perumahan,-6.91806,106.92667,"-6.91806, 106.92667","Cikole, Sukabumi, Jawa Barat, 43111, Indonesia",Jalan Kecil,Rumah,Perorangan Orang Lain,Kawasan Pertanian,-6.91806,106.92667,"-6.91806, 106.92667",-7.57897,112.23109,"-7.57897, 112.23109",-6.91806,106.92667,"-6.91806, 106.92667",-6.91806,106.92667,"-6.91806, 106.92667",-6.91806,106.92667,"-6.91806, 106.92667",0.0,590333.1319645152,0.0,0.0,0.0,118066.62639290304,1 - 2 Tahun,Sangat Tinggi,Sangat Rendah,Rendah,Sangat Rendah,Sangat Rendah,Sedang,Tidak stabil,Sangat Sesuai,63.25,Good
2023-04-06 09:08:36.702073,3404121205580007,Ira Uyainah,65,L,Belum Kawin,Journalist,Manager,Angkutan Laut Dalam Negeri Liner Untuk Barang,50131,D4,-1.26753,116.82887,"-1.26753, 116.82887","Telaga Sari, Balikpapan, Kalimantan Timur, 76112, Indonesia",Jalan Sedang,Rumah Susun,Perorangan Orang Lain,Kawasan Pegunungan,-1.26753,116.82887,"-1.26753, 116.82887","Telaga Sari, Balikpapan, Kalimantan Timur, 76112, Indonesia",Jalan Sedang,Rumah Susun,Perorangan Orang Lain,Kawasan Pegunungan,-1.6,103.61667,"-1.6, 103.61667",-7.54972,110.71639,"-7.54972, 110.71639",-1.26753,116.82887,"-1.26753, 116.82887",-1.26753,116.82887,"-1.26753, 116.82887",-1.6,103.61667,"-1.6, 103.61667",1470773.405601939,970779.5608428351,0.0,0.0,1470773.405601939,782465.2744093426,1 - 2 Tahun,Tinggi,Sedang,Rendah,Tinggi,Rendah,Sangat Tinggi,Stabil,Tidak Sesuai,36.75,Fair
